"Group","Scenario","Geography","ValueType","Value","1st centile","5th centile","25th centile","50th centile","75th centile","95th centile","99th centile","Creation Day","Creation Month","Creation Year","Day of Value","Month of Value","Year of Value","Model"
"PHE","forecast - relaxed prior","England","infections",240743.054557739,117441.096107428,143218.438316389,192763.84610184,240743.054557739,306682.087077841,452951.165617868,647083.285332329,12,4,2020,23,3,2020,"forecast - relaxed prior"
"PHE","forecast - relaxed prior","England","infections",148397.82644511,75077.519544279,89834.0783558486,119195.352695443,148397.82644511,187010.916794617,271781.159617479,401727.069895268,12,4,2020,24,3,2020,"forecast - relaxed prior"
"PHE","forecast - relaxed prior","England","infections",25148.6469220142,2361.3205800145,5627.80770239739,14954.4503283792,25148.6469220142,37367.3317733439,67533.7825616485,93604.5884631433,12,4,2020,25,3,2020,"forecast - relaxed prior"
"PHE","forecast - relaxed prior","England","infections",28779.8335817566,2720.27925320284,6578.42048086222,17159.9545499538,28779.8335817566,42982.1588835754,76419.0069048357,105358.099486568,12,4,2020,26,3,2020,"forecast - relaxed prior"
"PHE","forecast - relaxed prior","England","infections",30197.8783312051,2890.59244135448,6979.3255983376,17848.466081968,30197.8783312051,45139.1055422836,79380.37099768,112824.736215962,12,4,2020,27,3,2020,"forecast - relaxed prior"
"PHE","forecast - relaxed prior","England","infections",28991.4749834993,2827.42365250433,6713.94636040021,17080.6256619418,28991.4749834993,43538.3456590061,76947.9769628606,113408.672802144,12,4,2020,28,3,2020,"forecast - relaxed prior"
"PHE","forecast - relaxed prior","England","infections",26263.2041752681,2367.32265109573,5805.35034373816,15107.5149038403,26263.2041752681,40329.9040852034,72424.2263260239,105768.140338164,12,4,2020,29,3,2020,"forecast - relaxed prior"
"PHE","forecast - relaxed prior","England","infections",22982.7832495803,1866.78827762059,4932.3630982412,12931.4954858406,22982.7832495803,36806.1821710823,65788.6703932854,100487.679628863,12,4,2020,30,3,2020,"forecast - relaxed prior"
"PHE","forecast - relaxed prior","England","infections",19627.5950217385,1545.71219131121,3904.92552691823,10715.9766542421,19627.5950217385,32494.630921306,59890.8766845415,92807.9881556177,12,4,2020,31,3,2020,"forecast - relaxed prior"
"PHE","forecast - relaxed prior","England","infections",16550.9442950582,1138.59621122879,2973.70819765516,8783.19135448746,16550.9442950582,28767.4207000725,55025.253307469,88905.388385136,12,4,2020,1,4,2020,"forecast - relaxed prior"
"PHE","forecast - relaxed prior","England","infections",13800.9254928555,832.377042752583,2158.76395851114,7062.50374050467,13800.9254928555,25069.735371028,48849.3036217332,79054.4911637938,12,4,2020,2,4,2020,"forecast - relaxed prior"
"PHE","forecast - relaxed prior","England","infections",11452.1008341914,597.176931027218,1573.81965808958,5548.2129401505,11452.1008341914,21601.8014754092,43934.6603552398,75505.1657325267,12,4,2020,3,4,2020,"forecast - relaxed prior"
"PHE","forecast - relaxed prior","England","infections",9483.74516405532,408.163927689502,1152.84363751202,4325.78557408997,9483.74516405532,18915.0103770891,39938.8691291819,72458.4497225976,12,4,2020,4,4,2020,"forecast - relaxed prior"
"PHE","forecast - relaxed prior","England","infections",7917.91703554303,288.756397162133,821.624548384719,3365.05855399969,7917.91703554303,16393.0735267597,36420.4819418792,69057.8887803111,12,4,2020,5,4,2020,"forecast - relaxed prior"
"PHE","forecast - relaxed prior","England","infections",6571.02889621672,200.595389902928,587.569691721188,2690.7733256576,6571.02889621672,14390.7297623813,33511.5584957328,66983.1682599819,12,4,2020,6,4,2020,"forecast - relaxed prior"
"PHE","forecast - relaxed prior","England","infections",5571.07705026363,137.564574353516,441.523362630554,2115.01670281617,5571.07705026363,12524.7828334512,30763.4299153233,66057.5755552691,12,4,2020,7,4,2020,"forecast - relaxed prior"
"PHE","forecast - relaxed prior","England","infections",4621.42955483324,92.5038534856935,318.385521606452,1679.89351328189,4621.42955483324,10957.3095990971,28414.6870387534,63915.3592983373,12,4,2020,8,4,2020,"forecast - relaxed prior"
"PHE","forecast - relaxed prior","England","infections",3856.73969430837,61.6139978947178,228.46320691596,1325.00878330287,3856.73969430837,9569.61885571589,25992.8141079758,60883.4129029499,12,4,2020,9,4,2020,"forecast - relaxed prior"
"PHE","forecast - relaxed prior","England","infections",3232.90044589337,40.9824340900264,164.576367203828,1055.53218153621,3232.90044589337,8377.79324089477,23916.6455170042,57979.1694097181,12,4,2020,10,4,2020,"forecast - relaxed prior"
"PHE","forecast - relaxed prior","England","infections",2714.59403836112,27.4471625790937,118.463248023281,818.817745868456,2714.59403836112,7249.44146929354,22072.700772107,54099.6718248611,12,4,2020,11,4,2020,"forecast - relaxed prior"
"PHE","forecast - relaxed prior","England","infections",2251.28893256661,18.885486024281,85.6694509352238,641.593225729345,2251.28893256661,6331.69305402104,20730.8731079192,50501.1307618559,12,4,2020,12,4,2020,"forecast - relaxed prior"
"PHE","forecast - relaxed prior","England","infections",1871.53262630998,12.9962653407941,61.8519295287622,499.047382634391,1871.53262630998,5570.36556383089,19243.4680767551,47679.4470941976,12,4,2020,13,4,2020,"forecast - relaxed prior"
"PHE","forecast - relaxed prior","England","infections",1558.66491625441,8.94432989770451,44.7022179582119,398.479573702485,1558.66491625441,4878.28245905817,17821.8527791285,46186.5598383971,12,4,2020,14,4,2020,"forecast - relaxed prior"
"PHE","forecast - relaxed prior","England","infections",1301.52776732674,6.15603323451504,32.2918123889887,317.715682955993,1301.52776732674,4240.95178848911,16502.9453331474,44262.7591913318,12,4,2020,15,4,2020,"forecast - relaxed prior"
"PHE","forecast - relaxed prior","England","infections",1084.94701538457,4.23709538202219,23.3448128867721,250.668559860049,1084.94701538457,3755.65672481943,15345.0648073763,42435.1679022904,12,4,2020,16,4,2020,"forecast - relaxed prior"
"PHE","forecast - relaxed prior","England","infections",905.653363659691,2.84229613529187,16.8800678803957,196.109296552337,905.653363659691,3294.32443685858,14146.5514214703,41192.7708807453,12,4,2020,17,4,2020,"forecast - relaxed prior"
"PHE","forecast - relaxed prior","England","infections",745.519791216378,1.90542081869909,12.2106050193466,152.886461658468,745.519791216378,2833.02319282097,13258.0415695212,39334.7894913932,12,4,2020,18,4,2020,"forecast - relaxed prior"
"PHE","forecast - relaxed prior","England","infections",622.552906615345,1.27744308006412,8.83824438669451,122.126339835476,622.552906615345,2472.56942240381,12434.1051074019,38461.1543822212,12,4,2020,19,4,2020,"forecast - relaxed prior"
"PHE","forecast - relaxed prior","England","infections",512.486331939826,0.856464392023796,6.39362443460772,97.5267554601855,512.486331939826,2145.41771140468,11569.9306882118,37604.0588994521,12,4,2020,20,4,2020,"forecast - relaxed prior"
"PHE","forecast - relaxed prior","England","infections",421.43274642471,0.574230050091386,4.62099144273424,77.4611157317459,421.43274642471,1879.23137158493,10732.9200296356,36763.2151475546,12,4,2020,21,4,2020,"forecast - relaxed prior"
"PHE","forecast - relaxed prior","England","infections",351.832821392941,0.385004740855344,3.3397786985673,60.683858662988,351.832821392941,1642.86764850796,9956.34833207246,35784.1447236418,12,4,2020,22,4,2020,"forecast - relaxed prior"
"PHE","forecast - relaxed prior","England","infections",289.014495430616,0.258134882959359,2.41459136135383,47.2856329071113,289.014495430616,1436.10230019531,9172.04329713926,34657.6608923707,12,4,2020,23,4,2020,"forecast - relaxed prior"
"PHE","forecast - relaxed prior","England","infections",238.446647872796,0.173071752007428,1.73847439180923,37.022084078007,238.446647872796,1248.02555925604,8321.23802477964,33558.7972830357,12,4,2020,24,4,2020,"forecast - relaxed prior"
"PHE","forecast - relaxed prior","England","infections",197.373656306109,0.116038992311405,1.24224024320246,29.0117478069811,197.373656306109,1081.24268714435,7749.05369237948,32260.5353422682,12,4,2020,25,4,2020,"forecast - relaxed prior"
"PHE","forecast - relaxed prior","England","infections",162.259029288069,0.077800065127334,0.887657364862405,22.7725962686247,162.259029288069,940.512073258506,7247.32553161994,30901.6201548602,12,4,2020,26,4,2020,"forecast - relaxed prior"
"PHE","forecast - relaxed prior","England","infections",133.875182116017,0.0521620326122065,0.634289760156659,17.9296705889228,133.875182116017,823.426160231765,6701.42865081746,29598.3118858787,12,4,2020,27,4,2020,"forecast - relaxed prior"
"PHE","forecast - relaxed prior","England","infections",110.672784988339,0.0349726048938157,0.453244664768008,14.0835216732531,110.672784988339,719.585555033257,6182.51769506807,28348.4861704702,12,4,2020,28,4,2020,"forecast - relaxed prior"
"PHE","forecast - relaxed prior","England","infections",93.0259310151467,0.0234477318187906,0.326041990573204,11.0651302826099,93.0259310151467,626.884641997462,5701.44028818987,27150.0861679254,12,4,2020,29,4,2020,"forecast - relaxed prior"
"PHE","forecast - relaxed prior","England","infections",77.6346455991801,0.0157207554052117,0.234922840366657,8.71079760785597,77.6346455991801,544.692476917685,5257.79423850032,26001.1216883574,12,4,2020,30,4,2020,"forecast - relaxed prior"
"PHE","forecast - relaxed prior","England","infections",64.6631809719615,0.0105401285445189,0.169269672709552,6.85741088197192,64.6631809719615,471.45160273054,4848.66943986406,24899.6681858999,12,4,2020,1,5,2020,"forecast - relaxed prior"
"PHE","forecast - relaxed prior","England","infections",53.7662867808585,0.00706673323004303,0.12196507361231,5.39837786077233,53.7662867808585,407.339139834179,4492.55680640599,23843.8656429158,12,4,2020,2,5,2020,"forecast - relaxed prior"
"PHE","forecast - relaxed prior","England","infections",44.5647625770824,0.00473796711077916,0.0878808552996828,4.24978781261305,44.5647625770824,353.530354112181,4173.98489680222,22831.9173638358,12,4,2020,3,5,2020,"forecast - relaxed prior"
"PHE","forecast - relaxed prior","England","infections_cum",1483009.44819726,758492.293923236,905370.467099089,1198732.85995906,1483009.44819726,1870427.75727532,2728619.73218887,3983130.56286712,12,4,2020,23,3,2020,"forecast - relaxed prior"
"PHE","forecast - relaxed prior","England","infections_cum",1634009.55044084,832311.795612281,994311.394355591,1317511.83038243,1634009.55044084,2057259.5714234,2999980.88096193,4365901.66823553,12,4,2020,24,3,2020,"forecast - relaxed prior"
"PHE","forecast - relaxed prior","England","infections_cum",1655352.4585158,852994.23501283,1016856.62163149,1336114.49667409,1655352.4585158,2091578.13309964,3020471.92243128,4417923.60749742,12,4,2020,25,3,2020,"forecast - relaxed prior"
"PHE","forecast - relaxed prior","England","infections_cum",1681922.0989316,869176.603883206,1037452.54292717,1363337.56462436,1681922.0989316,2121968.47050788,3042930.54674598,4504105.74005207,12,4,2020,26,3,2020,"forecast - relaxed prior"
"PHE","forecast - relaxed prior","England","infections_cum",1717103.19232633,892034.750445618,1057203.96739494,1390641.62115465,1717103.19232633,2161551.69238887,3104484.26062019,4593819.72892333,12,4,2020,27,3,2020,"forecast - relaxed prior"
"PHE","forecast - relaxed prior","England","infections_cum",1751375.42971913,903210.450393521,1086784.87176563,1425989.59932177,1751375.42971913,2198952.02588444,3177110.00478159,4680418.11622183,12,4,2020,28,3,2020,"forecast - relaxed prior"
"PHE","forecast - relaxed prior","England","infections_cum",1777316.11357609,923090.074267586,1100745.87640721,1444761.39599468,1777316.11357609,2212044.62993243,3238482.56585593,4758935.85156491,12,4,2020,29,3,2020,"forecast - relaxed prior"
"PHE","forecast - relaxed prior","England","infections_cum",1800469.14872173,942839.213485841,1113464.36105809,1464328.54085591,1800469.14872173,2245328.43608258,3272347.48524398,4828211.95144089,12,4,2020,30,3,2020,"forecast - relaxed prior"
"PHE","forecast - relaxed prior","England","infections_cum",1823669.78861297,962080.905253014,1130792.92540278,1478788.71755129,1823669.78861297,2276540.23473628,3311361.26120586,4887873.36333023,12,4,2020,31,3,2020,"forecast - relaxed prior"
"PHE","forecast - relaxed prior","England","infections_cum",1843465.35060746,969042.671980821,1143155.66745112,1492321.62948371,1843465.35060746,2305355.68981534,3335635.45050237,4937611.2571337,12,4,2020,1,4,2020,"forecast - relaxed prior"
"PHE","forecast - relaxed prior","England","infections_cum",1863183.0771411,973173.227558168,1150490.94728463,1507042.5022857,1863183.0771411,2334047.81255251,3363723.07977996,4940361.12215901,12,4,2020,2,4,2020,"forecast - relaxed prior"
"PHE","forecast - relaxed prior","England","infections_cum",1880439.77879012,985712.734753958,1156199.76988775,1519136.64949704,1880439.77879012,2358221.18944644,3396686.963848,5018217.91473529,12,4,2020,3,4,2020,"forecast - relaxed prior"
"PHE","forecast - relaxed prior","England","infections_cum",1895710.16332529,993843.893317817,1160839.05498088,1523635.01061575,1895710.16332529,2378476.97216838,3433682.19839983,5048428.29405539,12,4,2020,4,4,2020,"forecast - relaxed prior"
"PHE","forecast - relaxed prior","England","infections_cum",1906777.47190742,995497.278183513,1164869.11747864,1536831.23475371,1906777.47190742,2393434.0923527,3465596.97686682,5058652.76968007,12,4,2020,5,4,2020,"forecast - relaxed prior"
"PHE","forecast - relaxed prior","England","infections_cum",1918088.50168909,995769.610225154,1169300.05713197,1548323.35434836,1918088.50168909,2406883.94953203,3484159.56142316,5061526.23486808,12,4,2020,6,4,2020,"forecast - relaxed prior"
"PHE","forecast - relaxed prior","England","infections_cum",1925337.41947162,1001226.14300544,1171004.18676509,1555816.22358865,1925337.41947162,2416433.76469322,3510758.46643416,5063645.52613187,12,4,2020,7,4,2020,"forecast - relaxed prior"
"PHE","forecast - relaxed prior","England","infections_cum",1934906.68115761,1006845.71024171,1172598.14093918,1558947.32430734,1934906.68115761,2422034.35624177,3526057.47898813,5073506.99010363,12,4,2020,8,4,2020,"forecast - relaxed prior"
"PHE","forecast - relaxed prior","England","infections_cum",1942382.80952436,1011803.69607415,1174215.66854566,1560323.71777225,1942382.80952436,2435508.51580095,3531593.08982008,5096428.33931811,12,4,2020,9,4,2020,"forecast - relaxed prior"
"PHE","forecast - relaxed prior","England","infections_cum",1950317.49156271,1016179.44298184,1176178.38793973,1564793.70227601,1950317.49156271,2441923.88457307,3537827.14141499,5116149.99352671,12,4,2020,10,4,2020,"forecast - relaxed prior"
"PHE","forecast - relaxed prior","England","infections_cum",1956105.27647459,1020042.28960316,1176678.66468637,1568209.15948956,1956105.27647459,2447308.32797386,3547180.10115334,5133118.90028181,12,4,2020,11,4,2020,"forecast - relaxed prior"
"PHE","forecast - relaxed prior","England","infections_cum",1962299.7164791,1023452.93298899,1177576.06139665,1570045.02294516,1962299.7164791,2452857.00113728,3563609.7343588,5147719.57725832,12,4,2020,12,4,2020,"forecast - relaxed prior"
"PHE","forecast - relaxed prior","England","infections_cum",1966574.71355915,1026464.62487508,1179990.21812431,1573315.49666819,1966574.71355915,2458469.43544484,3587297.2235526,5160282.80244279,12,4,2020,13,4,2020,"forecast - relaxed prior"
"PHE","forecast - relaxed prior","England","infections_cum",1971169.03187959,1029124.18454349,1182122.96846622,1575025.12551868,1971169.03187959,2463763.10396042,3599820.3040167,5171093.12638651,12,4,2020,14,4,2020,"forecast - relaxed prior"
"PHE","forecast - relaxed prior","England","infections_cum",1975502.28680212,1031484.1596009,1183988.79830264,1576342.12096675,1975502.28680212,2470608.92211305,3610924.03675364,5186933.82597798,12,4,2020,15,4,2020,"forecast - relaxed prior"
"PHE","forecast - relaxed prior","England","infections_cum",1978641.17661673,1033605.54716484,1185650.95539078,1577829.0416299,1978641.17661673,2473244.56945498,3620769.3829633,5191218.02420707,12,4,2020,16,4,2020,"forecast - relaxed prior"
"PHE","forecast - relaxed prior","England","infections_cum",1983283.18984126,1035480.82872047,1187090.42694244,1583449.44094411,1983283.18984126,2483371.955168,3629499.05026995,5249022.36529681,12,4,2020,17,4,2020,"forecast - relaxed prior"
"PHE","forecast - relaxed prior","England","infections_cum",1986350.29078681,1037138.61641769,1188337.05043329,1584233.50424279,1986350.29078681,2484989.91324405,3637239.56191814,5300520.62314418,12,4,2020,18,4,2020,"forecast - relaxed prior"
"PHE","forecast - relaxed prior","England","infections_cum",1987823.94880287,1038604.19081529,1189581.15789398,1584543.60252182,1987823.94880287,2486936.9532483,3644103.09045,5330326.1989431,12,4,2020,19,4,2020,"forecast - relaxed prior"
"PHE","forecast - relaxed prior","England","infections_cum",1989122.4584036,1038817.55543978,1191692.96585595,1584813.56954499,1989122.4584036,2487299.55546466,3650189.08372747,5357818.00914116,12,4,2020,20,4,2020,"forecast - relaxed prior"
"PHE","forecast - relaxed prior","England","infections_cum",1990267.09064464,1038893.52710681,1192264.95123063,1585035.53354374,1990267.09064464,2489337.15826623,3655585.70722692,5390134.94215907,12,4,2020,21,4,2020,"forecast - relaxed prior"
"PHE","forecast - relaxed prior","England","infections_cum",1991984.52689229,1038957.57997335,1192751.81778479,1585218.06275582,1991984.52689229,2490084.32500613,3658967.05826797,5437388.29923517,12,4,2020,22,4,2020,"forecast - relaxed prior"
"PHE","forecast - relaxed prior","England","infections_cum",1993949.04895041,1039011.92349227,1193166.2423681,1585368.18836503,1993949.04895041,2494387.74338427,3661659.17899198,5482283.55314671,12,4,2020,23,4,2020,"forecast - relaxed prior"
"PHE","forecast - relaxed prior","England","infections_cum",1995696.9229032,1039058.32169166,1193519.0125021,1585491.68204243,1995696.9229032,2497672.36384501,3664412.31704658,5509343.74769444,12,4,2020,24,4,2020,"forecast - relaxed prior"
"PHE","forecast - relaxed prior","England","infections_cum",1997062.43412193,1039098.18617583,1193819.30813784,1585599.05051437,1997062.43412193,2500482.74020109,3673057.42623612,5509772.49338358,12,4,2020,25,4,2020,"forecast - relaxed prior"
"PHE","forecast - relaxed prior","England","infections_cum",1998589.02900278,1039132.64944467,1194105.77705658,1586329.96853929,1998589.02900278,2505351.77672291,3675931.40597396,5510146.88508175,12,4,2020,26,4,2020,"forecast - relaxed prior"
"PHE","forecast - relaxed prior","England","infections_cum",2000479.46559008,1039162.62271793,1194442.91923389,1586354.63575473,2000479.46559008,2506303.17203232,3678481.48800413,5510165.15218606,12,4,2020,27,4,2020,"forecast - relaxed prior"
"PHE","forecast - relaxed prior","England","infections_cum",2000492.77007049,1039188.8415584,1194734.6780834,1587583.50696094,2000492.77007049,2508789.96744463,3680744.20173605,5512158.96127104,12,4,2020,28,4,2020,"forecast - relaxed prior"
"PHE","forecast - relaxed prior","England","infections_cum",2000503.35455509,1039211.90188614,1194987.16546556,1588129.77997217,2000503.35455509,2509569.53477908,3695666.29139442,5525484.92443239,12,4,2020,29,4,2020,"forecast - relaxed prior"
"PHE","forecast - relaxed prior","England","infections_cum",2000511.77600649,1040151.71449928,1195205.669749,1588328.78730396,2000511.77600649,2510033.35016027,3710167.22353322,5537816.72764946,12,4,2020,30,4,2020,"forecast - relaxed prior"
"PHE","forecast - relaxed prior","England","infections_cum",2001259.52140203,1041545.45143422,1195394.76682106,1588532.35131444,2001259.52140203,2510436.89188511,3710375.35614285,5549228.50691986,12,4,2020,1,5,2020,"forecast - relaxed prior"
"PHE","forecast - relaxed prior","England","infections_cum",2001665.15124804,1042830.9759545,1195558.41612594,1590463.43140471,2001665.15124804,2510788.13675023,3710552.0370016,5559788.88475651,12,4,2020,2,5,2020,"forecast - relaxed prior"
"PHE","forecast - relaxed prior","England","infections_cum",2002269.84999782,1043350.99353938,1195700.04375109,1591182.86666311,2002269.84999782,2511093.98634677,3710702.01936162,5604447.50658047,12,4,2020,3,5,2020,"forecast - relaxed prior"
"PHE","forecast - relaxed prior","England","death_inc_line",166.645382340333,134.481793732507,142.210382175268,156.905201782777,166.645382340333,176.308872002047,192.79567803343,201.141175267037,12,4,2020,23,3,2020,"forecast - relaxed prior"
"PHE","forecast - relaxed prior","England","death_inc_line",199.669375289128,165.324160142764,174.125554570193,188.989205314022,199.669375289128,210.172457840135,226.766773321725,236.28534693859,12,4,2020,24,3,2020,"forecast - relaxed prior"
"PHE","forecast - relaxed prior","England","death_inc_line",238.714139849155,202.882231132107,212.271906147317,227.414205481823,238.714139849155,249.798309390996,266.4849523015,276.711253074188,12,4,2020,25,3,2020,"forecast - relaxed prior"
"PHE","forecast - relaxed prior","England","death_inc_line",284.705049503899,247.59829570018,257.947229249315,273.161300102888,284.705049503899,297.133823666491,314.031553079802,323.575150872745,12,4,2020,26,3,2020,"forecast - relaxed prior"
"PHE","forecast - relaxed prior","England","death_inc_line",338.518923265799,300.310888624413,310.030310020268,326.805715150952,338.518923265799,351.645693431758,368.73658061369,378.165586732554,12,4,2020,27,3,2020,"forecast - relaxed prior"
"PHE","forecast - relaxed prior","England","death_inc_line",399.803855603274,357.854354914983,368.800112258868,386.696970698614,399.803855603274,413.372377356118,431.190752265937,442.230122987968,12,4,2020,28,3,2020,"forecast - relaxed prior"
"PHE","forecast - relaxed prior","England","death_inc_line",466.570450397686,419.489134501417,432.078754630213,451.709919720106,466.570450397686,480.640400750532,499.697525246033,512.336587974063,12,4,2020,29,3,2020,"forecast - relaxed prior"
"PHE","forecast - relaxed prior","England","death_inc_line",536.004951234525,482.463762263666,497.118793689037,519.73674545302,536.004951234525,551.917481150087,573.716517679902,586.947765504926,12,4,2020,30,3,2020,"forecast - relaxed prior"
"PHE","forecast - relaxed prior","England","death_inc_line",606.848978487788,547.34871388405,562.836324697111,587.627695999693,606.848978487788,623.067610669529,648.782623604565,663.575244262346,12,4,2020,31,3,2020,"forecast - relaxed prior"
"PHE","forecast - relaxed prior","England","death_inc_line",674.466046964261,608.471436969569,625.717869475929,654.021750494611,674.466046964261,692.000781631173,721.787672183801,738.56453507719,12,4,2020,1,4,2020,"forecast - relaxed prior"
"PHE","forecast - relaxed prior","England","death_inc_line",737.254985444962,666.845101936474,684.863789353362,715.179934985163,737.254985444962,756.120342801479,788.762362297193,807.732187664378,12,4,2020,2,4,2020,"forecast - relaxed prior"
"PHE","forecast - relaxed prior","England","death_inc_line",792.953994760986,716.244990434848,738.291313195679,769.538912571143,792.953994760986,814.149295195311,850.123247429794,869.335003114161,12,4,2020,3,4,2020,"forecast - relaxed prior"
"PHE","forecast - relaxed prior","England","death_inc_line",839.055197649734,756.775428716265,782.520874370581,814.238048471287,839.055197649734,863.011150630273,901.284153681939,921.874687419467,12,4,2020,4,4,2020,"forecast - relaxed prior"
"PHE","forecast - relaxed prior","England","death_inc_line",875.749305610042,789.522298219014,816.691611614935,849.998720172126,875.749305610042,903.178865175257,941.834537323621,966.357437019149,12,4,2020,5,4,2020,"forecast - relaxed prior"
"PHE","forecast - relaxed prior","England","death_inc_line",902.246338946743,809.640714653662,839.896400752733,876.299747452122,902.246338946743,930.927291778441,968.944735720199,1003.45025638808,12,4,2020,6,4,2020,"forecast - relaxed prior"
"PHE","forecast - relaxed prior","England","death_inc_line",918.148505648318,818.755278727707,849.983178556826,889.667988142433,918.148505648318,949.015910132852,992.306093040581,1024.13836078051,12,4,2020,7,4,2020,"forecast - relaxed prior"
"PHE","forecast - relaxed prior","England","death_inc_line",923.066545700185,820.62195616612,849.015414520864,891.898386303684,923.066545700185,958.398888543525,1006.25428256714,1042.79695429656,12,4,2020,8,4,2020,"forecast - relaxed prior"
"PHE","forecast - relaxed prior","England","death_inc_line",917.714404495846,806.942033357819,838.649798099262,883.132198521953,917.714404495846,957.526383602576,1012.69940251538,1055.81823021619,12,4,2020,9,4,2020,"forecast - relaxed prior"
"PHE","forecast - relaxed prior","England","death_inc_line",904.253937438276,785.064804271744,819.579156418915,865.746954944275,904.253937438276,946.710074446971,1008.99466980132,1068.97497294808,12,4,2020,10,4,2020,"forecast - relaxed prior"
"PHE","forecast - relaxed prior","England","death_inc_line",882.324032420154,760.743835888605,790.236676819289,841.266282939317,882.324032420154,927.909550561103,1000.09832875271,1082.00915775074,12,4,2020,11,4,2020,"forecast - relaxed prior"
"PHE","forecast - relaxed prior","England","death_inc_line",853.392221352331,730.742044662077,757.701760012441,809.242060224218,853.392221352331,901.684056166251,986.514646945203,1089.28675662087,12,4,2020,12,4,2020,"forecast - relaxed prior"
"PHE","forecast - relaxed prior","England","death_inc_line",816.939559602177,689.064141035896,720.657626978694,771.782230932894,816.939559602177,872.486480441198,964.880667475435,1081.96402871059,12,4,2020,13,4,2020,"forecast - relaxed prior"
"PHE","forecast - relaxed prior","England","death_inc_line",776.955015354136,647.877768988873,677.55492740108,730.051516331073,776.955015354136,838.278529145685,942.911317088917,1075.66415577235,12,4,2020,14,4,2020,"forecast - relaxed prior"
"PHE","forecast - relaxed prior","England","death_inc_line",734.966208895973,602.974341290247,632.730657375482,683.67733824418,734.966208895973,800.617963768765,917.086352626287,1069.54843488269,12,4,2020,15,4,2020,"forecast - relaxed prior"
"PHE","forecast - relaxed prior","England","death_inc_line",690.510608492574,556.370530293724,584.611214323694,637.620182306215,690.510608492574,760.361622912037,885.404146690126,1058.83986558992,12,4,2020,16,4,2020,"forecast - relaxed prior"
"PHE","forecast - relaxed prior","England","death_inc_line",644.295556497012,512.75040162232,537.402441311801,589.896432536166,644.295556497012,714.075041620134,859.817909118006,1040.94941742181,12,4,2020,17,4,2020,"forecast - relaxed prior"
"PHE","forecast - relaxed prior","England","death_inc_line",598.347138195672,469.791302466615,491.704895891938,542.977633124001,598.347138195672,670.167787354367,823.678652084481,1014.65876020238,12,4,2020,18,4,2020,"forecast - relaxed prior"
"PHE","forecast - relaxed prior","England","death_inc_line",552.148424246135,425.885844479016,447.950622212752,497.578901155173,552.148424246135,626.403393362138,788.787149909432,990.646938052071,12,4,2020,19,4,2020,"forecast - relaxed prior"
"PHE","forecast - relaxed prior","England","death_inc_line",507.464385359007,383.867904228577,404.423451703637,453.780712841859,507.464385359007,584.52048197935,751.214307773921,974.827845234268,12,4,2020,20,4,2020,"forecast - relaxed prior"
"PHE","forecast - relaxed prior","England","death_inc_line",464.439752431621,345.593546507554,364.242482818118,411.058797962182,464.439752431621,540.745419039687,717.197060309335,958.434966191713,12,4,2020,21,4,2020,"forecast - relaxed prior"
"PHE","forecast - relaxed prior","England","death_inc_line",423.106774951329,309.725311500994,326.025758364646,370.787565804841,423.106774951329,498.424466236895,679.015307183929,932.930960719647,12,4,2020,22,4,2020,"forecast - relaxed prior"
"PHE","forecast - relaxed prior","England","death_inc_line",383.799894724287,275.561737446388,290.494177428987,332.573637194674,383.799894724287,458.21930152987,641.957850918609,905.179272035915,12,4,2020,23,4,2020,"forecast - relaxed prior"
"PHE","forecast - relaxed prior","England","death_inc_line",346.676854781118,244.041804659085,258.217954796006,297.388104785648,346.676854781118,419.008784514615,608.030685042752,876.496862557569,12,4,2020,24,4,2020,"forecast - relaxed prior"
"PHE","forecast - relaxed prior","England","death_inc_line",312.186564895586,214.756282494257,227.784341292033,264.515959737026,312.186564895586,383.435446028449,572.562657760545,851.460943713838,12,4,2020,25,4,2020,"forecast - relaxed prior"
"PHE","forecast - relaxed prior","England","death_inc_line",280.155005001047,188.266540208911,200.433953132385,234.510687715309,280.155005001047,349.174791058865,538.001274270337,828.801589619556,12,4,2020,26,4,2020,"forecast - relaxed prior"
"PHE","forecast - relaxed prior","England","death_inc_line",250.450649713067,164.494886630095,175.916111845147,207.385483315428,250.450649713067,317.29874244115,507.538292430404,805.559803787917,12,4,2020,27,4,2020,"forecast - relaxed prior"
"PHE","forecast - relaxed prior","England","death_inc_line",223.548776921061,143.232996647877,153.598986406415,183.019797142853,223.548776921061,287.684531152217,478.075486145626,783.33800316589,12,4,2020,28,4,2020,"forecast - relaxed prior"
"PHE","forecast - relaxed prior","England","death_inc_line",199.148479700182,124.311486236094,133.825347634496,160.939909157013,199.148479700182,260.867840218108,444.430446238871,759.227488684773,12,4,2020,29,4,2020,"forecast - relaxed prior"
"PHE","forecast - relaxed prior","England","death_inc_line",176.444506746069,107.553646740339,115.798301920756,141.034193280316,176.444506746069,236.58158041796,414.745379951313,725.557797342498,12,4,2020,30,4,2020,"forecast - relaxed prior"
"PHE","forecast - relaxed prior","England","death_inc_line",156.17369260223,92.7787241463199,99.9632030738483,122.9388613482,156.17369260223,212.628877830285,387.815399507187,692.56958560047,12,4,2020,1,5,2020,"forecast - relaxed prior"
"PHE","forecast - relaxed prior","England","death_inc_line",138.013760179203,79.8079671983861,86.5439246118682,106.893931994568,138.013760179203,191.138209198708,362.180533093918,660.363931975609,12,4,2020,2,5,2020,"forecast - relaxed prior"
"PHE","forecast - relaxed prior","England","death_inc_line",121.485025479997,68.5353754131853,74.7419984247691,92.5482644898372,121.485025479997,171.830400594621,337.809714816915,631.99181039148,12,4,2020,3,5,2020,"forecast - relaxed prior"
"PHE","forecast - tight prior","England","infections",181708.193942169,94093.5818526148,111295.61006096,149980.514639052,181708.193942169,225309.531672726,320799.130730302,404611.336561395,12,4,2020,23,3,2020,"forecast - tight prior"
"PHE","forecast - tight prior","England","infections",134990.454448658,71025.2948742083,82905.1363399767,110970.902951693,134990.454448658,165168.766945911,228310.664406446,286144.777092999,12,4,2020,24,3,2020,"forecast - tight prior"
"PHE","forecast - tight prior","England","infections",72191.9884026331,35604.0653831683,43313.5814745798,56918.0530475369,72191.9884026331,90555.3115996935,127319.250751076,162822.714299285,12,4,2020,25,3,2020,"forecast - tight prior"
"PHE","forecast - tight prior","England","infections",81320.1091139219,40093.9187874153,49108.7684562141,64247.8779357544,81320.1091139219,101598.583964684,143247.610520667,182159.19119868,12,4,2020,26,3,2020,"forecast - tight prior"
"PHE","forecast - tight prior","England","infections",85693.0536009803,42215.703344841,51521.7665683145,67692.7680273867,85693.0536009803,107062.500957867,152086.01447793,192142.49638696,12,4,2020,27,3,2020,"forecast - tight prior"
"PHE","forecast - tight prior","England","infections",85301.6789534233,41243.5935709331,50680.2821872282,67637.0977898696,85301.6789534233,108038.027959606,153199.171021197,201628.912746108,12,4,2020,28,3,2020,"forecast - tight prior"
"PHE","forecast - tight prior","England","infections",82576.1431656494,39353.3904177109,47640.3554777883,65059.0180314363,82576.1431656494,105201.741793103,148617.323391019,196368.923841892,12,4,2020,29,3,2020,"forecast - tight prior"
"PHE","forecast - tight prior","England","infections",78671.6502239784,34715.6261376456,43757.3932794148,61342.643048296,78671.6502239784,100856.262918743,143912.791943396,190769.335110538,12,4,2020,30,3,2020,"forecast - tight prior"
"PHE","forecast - tight prior","England","infections",74366.1129422131,31683.2318583616,40503.3272262607,57372.4616766464,74366.1129422131,96457.7283762205,140907.077509433,183370.273232575,12,4,2020,31,3,2020,"forecast - tight prior"
"PHE","forecast - tight prior","England","infections",70431.62545969,29274.1129688661,37395.1857891221,53550.2128045948,70431.62545969,92466.2515052154,137015.208108617,185715.598293277,12,4,2020,1,4,2020,"forecast - tight prior"
"PHE","forecast - tight prior","England","infections",66317.5558534601,25995.1868761697,34238.1199853353,50330.2162431303,66317.5558534601,88527.5742467816,132411.13239136,184040.9817617,12,4,2020,2,4,2020,"forecast - tight prior"
"PHE","forecast - tight prior","England","infections",62770.4325979635,22550.5813800124,31651.6351120774,46923.6464574457,62770.4325979635,84453.784954347,127230.3323811,181663.724090401,12,4,2020,3,4,2020,"forecast - tight prior"
"PHE","forecast - tight prior","England","infections",59603.6288094819,19502.7813564993,29362.9941068172,43793.1236704153,59603.6288094819,81806.950880184,122563.96581955,181579.481458157,12,4,2020,4,4,2020,"forecast - tight prior"
"PHE","forecast - tight prior","England","infections",56942.6369190136,17621.2428346425,26996.1790607927,40982.7992344299,56942.6369190136,78737.6988054373,121559.926199145,180025.104214835,12,4,2020,5,4,2020,"forecast - tight prior"
"PHE","forecast - tight prior","England","infections",54176.3793555277,16427.4003388583,24332.8980690139,38213.4145272805,54176.3793555277,75715.2215579398,118703.892044206,174013.918102364,12,4,2020,6,4,2020,"forecast - tight prior"
"PHE","forecast - tight prior","England","infections",52176.0110110945,14507.4491514846,22168.0998522255,35692.8258335732,52176.0110110945,72902.6046231588,118254.924838334,172962.385532466,12,4,2020,7,4,2020,"forecast - tight prior"
"PHE","forecast - tight prior","England","infections",49589.8427009885,12681.4420924825,20048.2752065166,33389.6762380141,49589.8427009885,70452.439864802,118498.214298057,174454.426161194,12,4,2020,8,4,2020,"forecast - tight prior"
"PHE","forecast - tight prior","England","infections",46999.5960061798,11158.92088707,18037.6394053425,31110.1585901734,46999.5960061798,68051.2438989119,118319.30590081,174341.745198773,12,4,2020,9,4,2020,"forecast - tight prior"
"PHE","forecast - tight prior","England","infections",44395.0587488543,10051.7135961791,16296.197410217,28873.4682473362,44395.0587488543,65444.0024851654,117542.241573577,172325.585710556,12,4,2020,10,4,2020,"forecast - tight prior"
"PHE","forecast - tight prior","England","infections",42061.3994406494,9058.27529632465,14600.6836688628,26856.0431614918,42061.3994406494,63519.1088171324,116470.831410763,170216.073753279,12,4,2020,11,4,2020,"forecast - tight prior"
"PHE","forecast - tight prior","England","infections",40011.8991223494,8163.27605782799,13324.6443195622,24902.8814125591,40011.8991223494,60927.0164136894,115950.423324169,172442.081317308,12,4,2020,12,4,2020,"forecast - tight prior"
"PHE","forecast - tight prior","England","infections",38159.8297213387,7355.02229232501,12022.2703745773,23269.5470290359,38159.8297213387,58687.6363240041,115353.049502376,169566.710602467,12,4,2020,13,4,2020,"forecast - tight prior"
"PHE","forecast - tight prior","England","infections",36199.6799724571,6571.63997519277,11095.4998767097,21671.9013667086,36199.6799724571,56224.4935090798,113628.598431033,169392.260970331,12,4,2020,14,4,2020,"forecast - tight prior"
"PHE","forecast - tight prior","England","infections",34334.6301433785,5835.40314438828,10104.6444838077,19810.2716947363,34334.6301433785,54022.7725877524,114013.904892435,169140.031960587,12,4,2020,15,4,2020,"forecast - tight prior"
"PHE","forecast - tight prior","England","infections",32392.5578530819,5161.57157526846,9038.9935414271,18362.0020510558,32392.5578530819,52784.0690964624,112012.367008836,169409.566419883,12,4,2020,16,4,2020,"forecast - tight prior"
"PHE","forecast - tight prior","England","infections",30779.8227755617,4537.00348798203,8199.62104398419,17034.1227986217,30779.8227755617,51075.6609362771,110617.602452088,169795.026533947,12,4,2020,17,4,2020,"forecast - tight prior"
"PHE","forecast - tight prior","England","infections",29125.0084243955,4027.74474645718,7456.46591916736,15759.5812943222,29125.0084243955,50064.5147042703,108467.48686879,167845.017296096,12,4,2020,18,4,2020,"forecast - tight prior"
"PHE","forecast - tight prior","England","infections",27569.2198093043,3576.32433202468,6757.26906114823,14549.229277308,27569.2198093043,47810.4514112919,107986.086888465,167325.541160291,12,4,2020,19,4,2020,"forecast - tight prior"
"PHE","forecast - tight prior","England","infections",25951.9596631348,3175.49564053644,6135.52951021131,13531.1225234704,25951.9596631348,46368.1371138307,107064.118778238,167233.104443649,12,4,2020,20,4,2020,"forecast - tight prior"
"PHE","forecast - tight prior","England","infections",24631.2689625629,2819.59035941968,5590.79251384222,12503.2656007648,24631.2689625629,45202.5863441593,106455.505234842,168061.001994034,12,4,2020,21,4,2020,"forecast - tight prior"
"PHE","forecast - tight prior","England","infections",23301.182358893,2503.57494782342,5101.90314193279,11666.0431521369,23301.182358893,43427.6641052617,105647.251859367,169118.731467339,12,4,2020,22,4,2020,"forecast - tight prior"
"PHE","forecast - tight prior","England","infections",22061.2055099612,2239.95819077262,4636.23795906503,10834.7333602067,22061.2055099612,41939.6277520513,104464.73794878,170390.212832375,12,4,2020,23,4,2020,"forecast - tight prior"
"PHE","forecast - tight prior","England","infections",20965.8241684938,2002.79578190117,4215.82775854351,10066.5725806164,20965.8241684938,40710.3133657677,104273.085726231,171295.431254227,12,4,2020,24,4,2020,"forecast - tight prior"
"PHE","forecast - tight prior","England","infections",19942.7014182995,1786.98744757172,3833.52041071688,9377.71015411296,19942.7014182995,39670.1416024691,103376.641602893,171308.302298866,12,4,2020,25,4,2020,"forecast - tight prior"
"PHE","forecast - tight prior","England","infections",18893.0507125122,1578.91188970047,3468.26736880012,8691.11534909589,18893.0507125122,38654.6047602787,102758.392912453,171267.922097403,12,4,2020,26,4,2020,"forecast - tight prior"
"PHE","forecast - tight prior","England","infections",17921.1192608833,1401.9946181269,3113.19514479392,8084.40033266479,17921.1192608833,37532.2923832832,102556.862859164,172842.56003848,12,4,2020,27,4,2020,"forecast - tight prior"
"PHE","forecast - tight prior","England","infections",16917.044696868,1244.90221893782,2810.09516138268,7493.64613447951,16917.044696868,36118.5245157912,102142.893146267,175707.72352073,12,4,2020,28,4,2020,"forecast - tight prior"
"PHE","forecast - tight prior","England","infections",16061.5810655214,1105.41326631514,2549.03948348773,6974.10966278695,16061.5810655214,34699.2224672513,101466.741509134,176557.962255669,12,4,2020,29,4,2020,"forecast - tight prior"
"PHE","forecast - tight prior","England","infections",15094.6573818965,981.555188732909,2312.24981383466,6455.27658727661,15094.6573818965,33272.8891801431,100767.012743309,177138.799975443,12,4,2020,30,4,2020,"forecast - tight prior"
"PHE","forecast - tight prior","England","infections",14363.5593528003,871.576408961016,2097.46992231757,6006.37442655738,14363.5593528003,32055.4258883121,100044.618556301,175938.964379944,12,4,2020,1,5,2020,"forecast - tight prior"
"PHE","forecast - tight prior","England","infections",13610.2478492534,773.921598850907,1892.96009285368,5593.97543366241,13610.2478492534,30994.3772295618,99300.4728866172,174675.84642128,12,4,2020,2,5,2020,"forecast - tight prior"
"PHE","forecast - tight prior","England","infections",12914.7588796465,687.209701570423,1702.21743846532,5207.03172366579,12914.7588796465,30008.5423211458,98530.346763654,173351.607430113,12,4,2020,3,5,2020,"forecast - tight prior"
"PHE","forecast - tight prior","England","infections_cum",1271006.27199976,681711.183369395,805615.064336471,1041080.89246318,1271006.27199976,1568930.45161271,2183844.43085703,2788916.89640355,12,4,2020,23,3,2020,"forecast - tight prior"
"PHE","forecast - tight prior","England","infections_cum",1405701.21605566,753967.438411467,889016.433216485,1151542.03110395,1405701.21605566,1732207.11524642,2434406.87484136,3081978.28945737,12,4,2020,24,3,2020,"forecast - tight prior"
"PHE","forecast - tight prior","England","infections_cum",1487141.60332291,794571.788604772,938563.097082715,1215188.15638204,1487141.60332291,1822888.65015676,2536783.5751209,3218292.55893128,12,4,2020,25,3,2020,"forecast - tight prior"
"PHE","forecast - tight prior","England","infections_cum",1572099.57683447,834167.851309945,989276.308385549,1282741.60622898,1572099.57683447,1923206.59738299,2658705.16503224,3379993.21770646,12,4,2020,26,3,2020,"forecast - tight prior"
"PHE","forecast - tight prior","England","infections_cum",1652522.32514117,879155.818349663,1051758.8459805,1355928.08211685,1652522.32514117,2024597.45022657,2801198.03124689,3530008.34003744,12,4,2020,27,3,2020,"forecast - tight prior"
"PHE","forecast - tight prior","England","infections_cum",1746248.26910254,929799.143568514,1113454.46318487,1424041.45662225,1746248.26910254,2120473.93282845,2927155.85225221,3685452.75652981,12,4,2020,28,3,2020,"forecast - tight prior"
"PHE","forecast - tight prior","England","infections_cum",1831054.61567383,974646.911451023,1168784.14463586,1494769.72649577,1831054.61567383,2223212.39761197,3065843.7497472,3832110.56549534,12,4,2020,29,3,2020,"forecast - tight prior"
"PHE","forecast - tight prior","England","infections_cum",1907604.3931539,1016169.06655756,1224988.15614297,1557486.13462275,1907604.3931539,2317811.12767927,3195664.69621063,3968016.30635367,12,4,2020,30,3,2020,"forecast - tight prior"
"PHE","forecast - tight prior","England","infections_cum",1987204.86246667,1049290.39195948,1287286.64960184,1619050.73658469,1987204.86246667,2401671.82750888,3317741.24338016,4127758.642212,12,4,2020,31,3,2020,"forecast - tight prior"
"PHE","forecast - tight prior","England","infections_cum",2055836.41475407,1082724.15254065,1340367.66251181,1679681.57816577,2055836.41475407,2485524.4087292,3424373.7081579,4318159.34880282,12,4,2020,1,4,2020,"forecast - tight prior"
"PHE","forecast - tight prior","England","infections_cum",2127551.7057527,1114759.35244064,1380246.53170974,1735272.49611169,2127551.7057527,2583380.87686651,3550679.84578139,4435842.52085398,12,4,2020,2,4,2020,"forecast - tight prior"
"PHE","forecast - tight prior","England","infections_cum",2202418.93012722,1145019.17106663,1428989.04107628,1783560.65574142,2202418.93012722,2657272.43360749,3655335.81852233,4537494.16024598,12,4,2020,3,4,2020,"forecast - tight prior"
"PHE","forecast - tight prior","England","infections_cum",2263080.47387121,1173629.43770097,1472905.20625983,1828600.93980847,2263080.47387121,2731229.53244734,3780476.53067674,4635461.94285632,12,4,2020,4,4,2020,"forecast - tight prior"
"PHE","forecast - tight prior","England","infections_cum",2321387.69909264,1196597.10968158,1503057.74725646,1871277.59735938,2321387.69909264,2806718.17433311,3895443.89376737,4783331.44624581,12,4,2020,5,4,2020,"forecast - tight prior"
"PHE","forecast - tight prior","England","infections_cum",2371209.70141469,1217877.68312405,1533808.2108305,1909899.91711413,2371209.70141469,2895832.76431028,4035791.71113285,4962272.24788104,12,4,2020,6,4,2020,"forecast - tight prior"
"PHE","forecast - tight prior","England","infections_cum",2421509.59200803,1239275.7866467,1563549.19079416,1954441.75227422,2421509.59200803,2958189.59851793,4128008.82739452,5097803.57651005,12,4,2020,7,4,2020,"forecast - tight prior"
"PHE","forecast - tight prior","England","infections_cum",2473056.23537097,1259360.08924042,1589028.31820594,1995864.35173691,2473056.23537097,3025371.30090765,4263561.36043339,5297821.32082092,12,4,2020,8,4,2020,"forecast - tight prior"
"PHE","forecast - tight prior","England","infections_cum",2523570.72879064,1278036.39683379,1615964.29367083,2027010.42123559,2523570.72879064,3099367.16735787,4349018.83129315,5495566.1957653,12,4,2020,9,4,2020,"forecast - tight prior"
"PHE","forecast - tight prior","England","infections_cum",2562716.24114161,1295416.15752823,1633069.65659177,2064439.66957282,2562716.24114161,3174766.33441676,4446379.2665333,5666971.89495753,12,4,2020,10,4,2020,"forecast - tight prior"
"PHE","forecast - tight prior","England","infections_cum",2610682.66807933,1311619.07408101,1651375.09101042,2095337.51783408,2610682.66807933,3254466.73402023,4528999.97847776,5834367.1158755,12,4,2020,11,4,2020,"forecast - tight prior"
"PHE","forecast - tight prior","England","infections_cum",2651332.13207128,1328657.8609521,1670355.48539758,2131024.41832181,2651332.13207128,3311518.87280562,4628038.39559409,5998463.82528646,12,4,2020,12,4,2020,"forecast - tight prior"
"PHE","forecast - tight prior","England","infections_cum",2694743.15360974,1346464.742857,1687041.26049084,2157145.01377718,2694743.15360974,3382043.42328729,4724192.43364256,6068733.56355397,12,4,2020,13,4,2020,"forecast - tight prior"
"PHE","forecast - tight prior","England","infections_cum",2730390.94577628,1363267.88698812,1701846.63460276,2183628.77570031,2730390.94577628,3447829.68865996,4806003.67449391,6125653.92935125,12,4,2020,14,4,2020,"forecast - tight prior"
"PHE","forecast - tight prior","England","infections_cum",2761881.55039466,1373923.03889724,1712273.04910026,2211528.45814944,2761881.55039466,3499100.55450845,4895548.6298906,6185943.05655373,12,4,2020,15,4,2020,"forecast - tight prior"
"PHE","forecast - tight prior","England","infections_cum",2791674.07869813,1379361.63883035,1725531.73083791,2240998.97310794,2791674.07869813,3546141.31297899,5012134.77344394,6405370.83810493,12,4,2020,16,4,2020,"forecast - tight prior"
"PHE","forecast - tight prior","England","infections_cum",2824860.37445154,1389956.83507818,1736081.63753444,2266547.94613931,2824860.37445154,3589506.83721769,5097483.51374865,6625344.82641479,12,4,2020,17,4,2020,"forecast - tight prior"
"PHE","forecast - tight prior","England","infections_cum",2855326.50010793,1404432.58956572,1746626.32002165,2292003.45367109,2855326.50010793,3638775.62230125,5184379.10224551,6845493.53741716,12,4,2020,18,4,2020,"forecast - tight prior"
"PHE","forecast - tight prior","England","infections_cum",2892886.5486841,1416758.62961121,1755887.57545897,2311125.80036174,2892886.5486841,3686798.25144683,5273796.84740299,7012959.43167996,12,4,2020,19,4,2020,"forecast - tight prior"
"PHE","forecast - tight prior","England","infections_cum",2925516.73425651,1423890.35078715,1762544.58741708,2336797.74438159,2925516.73425651,3741431.07325061,5352969.56100436,7065969.31656223,12,4,2020,20,4,2020,"forecast - tight prior"
"PHE","forecast - tight prior","England","infections_cum",2950511.19885824,1430487.66942215,1772358.24762584,2358095.04887129,2950511.19885824,3780540.12042913,5436759.30121211,7234861.80004616,12,4,2020,21,4,2020,"forecast - tight prior"
"PHE","forecast - tight prior","England","infections_cum",2977595.35287335,1436590.56987829,1776072.01188781,2378957.94284007,2977595.35287335,3809613.32401681,5488896.76682379,7341251.01432311,12,4,2020,22,4,2020,"forecast - tight prior"
"PHE","forecast - tight prior","England","infections_cum",3011184.85759687,1442236.05528846,1782877.20274196,2396016.05896624,3011184.85759687,3839525.79603507,5542970.66902591,7449376.29462619,12,4,2020,23,4,2020,"forecast - tight prior"
"PHE","forecast - tight prior","England","infections_cum",3037201.73159035,1447458.36819753,1794870.80583432,2413682.20046514,3037201.73159035,3870626.66877281,5593054.98341097,7631856.15268757,12,4,2020,24,4,2020,"forecast - tight prior"
"PHE","forecast - tight prior","England","infections_cum",3059848.16515958,1452289.19511927,1802584.812477,2427239.33538395,3059848.16515958,3916406.11207051,5646931.08821039,7813517.80961689,12,4,2020,25,4,2020,"forecast - tight prior"
"PHE","forecast - tight prior","England","infections_cum",3090848.8920017,1456757.85614429,1808753.38137609,2436937.26004296,3090848.8920017,3964369.67514012,5699016.51368736,7994287.3818899,12,4,2020,26,4,2020,"forecast - tight prior"
"PHE","forecast - tight prior","England","infections_cum",3112366.30487051,1460891.48066246,1815211.96049107,2445942.88395696,3112366.30487051,3987438.63736829,5777646.33227769,8124385.22712212,12,4,2020,27,4,2020,"forecast - tight prior"
"PHE","forecast - tight prior","England","infections_cum",3134973.80669992,1464715.17019103,1822403.94995665,2456888.2015227,3134973.80669992,4014690.83211153,5805248.08239563,8199293.77234421,12,4,2020,28,4,2020,"forecast - tight prior"
"PHE","forecast - tight prior","England","infections_cum",3146314.14883431,1467838.34563681,1828700.32665526,2468666.83182406,3146314.14883431,4050460.88371679,5857513.14563929,8240079.17233037,12,4,2020,29,4,2020,"forecast - tight prior"
"PHE","forecast - tight prior","England","infections_cum",3154343.28788585,1471475.72834362,1837079.85148857,2480809.42417049,3154343.28788585,4087465.632898,5924931.36140025,8346053.24460331,12,4,2020,30,4,2020,"forecast - tight prior"
"PHE","forecast - tight prior","England","infections_cum",3167770.75154549,1474473.70014348,1844938.40572567,2490070.62579714,3167770.75154549,4124946.89253721,6016839.93629738,8478497.28275281,12,4,2020,1,5,2020,"forecast - tight prior"
"PHE","forecast - tight prior","England","infections_cum",3182264.7519691,1477246.40032939,1852575.71080981,2494189.2367511,3182264.7519691,4159979.32975203,6107012.82514925,8609011.25960233,12,4,2020,2,5,2020,"forecast - tight prior"
"PHE","forecast - tight prior","England","infections_cum",3194357.24707464,1479810.75940238,1859509.01561153,2505720.7889249,3194357.24707464,4197241.30620802,6195362.38258215,8785323.40063288,12,4,2020,3,5,2020,"forecast - tight prior"
"PHE","forecast - tight prior","England","death_inc_line",176.16926761689,143.190514313002,151.797335379836,165.98105888509,176.16926761689,186.28980043665,201.576289603241,211.470663806188,12,4,2020,23,3,2020,"forecast - tight prior"
"PHE","forecast - tight prior","England","death_inc_line",206.15911123835,171.058119507081,180.23548752628,195.221946211444,206.15911123835,216.68687113061,232.890636206577,241.683813290538,12,4,2020,24,3,2020,"forecast - tight prior"
"PHE","forecast - tight prior","England","death_inc_line",241.085885736858,203.721553495824,214.175471197826,229.790525018061,241.085885736858,252.369668921575,268.880027500127,278.182630806384,12,4,2020,25,3,2020,"forecast - tight prior"
"PHE","forecast - tight prior","England","death_inc_line",282.24770394241,242.306997647742,253.082426218079,269.971930894719,282.24770394241,293.219657877984,311.676172790693,319.788610694317,12,4,2020,26,3,2020,"forecast - tight prior"
"PHE","forecast - tight prior","England","death_inc_line",328.964199513608,286.887767274845,298.15451171382,315.701070511208,328.964199513608,340.562712609228,359.170855613362,368.43901744619,12,4,2020,27,3,2020,"forecast - tight prior"
"PHE","forecast - tight prior","England","death_inc_line",380.996112698723,334.762782789351,347.407970854079,367.129117937115,380.996112698723,393.450213326213,412.104759172036,422.860353579531,12,4,2020,28,3,2020,"forecast - tight prior"
"PHE","forecast - tight prior","England","death_inc_line",437.647172862709,388.772166110601,400.659352363963,422.547409278727,437.647172862709,451.769189634542,471.632426612672,484.572186418773,12,4,2020,29,3,2020,"forecast - tight prior"
"PHE","forecast - tight prior","England","death_inc_line",498.22768857538,447.731441032634,458.656808910144,481.669211530028,498.22768857538,514.034384104577,536.132111073348,551.210421325974,12,4,2020,30,3,2020,"forecast - tight prior"
"PHE","forecast - tight prior","England","death_inc_line",561.421704937583,508.21169818479,518.821708483273,543.63171543594,561.421704937583,578.606055570742,603.365092056116,618.615551456748,12,4,2020,31,3,2020,"forecast - tight prior"
"PHE","forecast - tight prior","England","death_inc_line",625.279906298151,566.082424142336,579.153201024747,605.604365378212,625.279906298151,643.303214830529,672.466614012502,689.216387280311,12,4,2020,1,4,2020,"forecast - tight prior"
"PHE","forecast - tight prior","England","death_inc_line",688.158285945622,620.482709140931,639.016113791939,666.822766257948,688.158285945622,708.063903132298,740.006823150116,760.909941848228,12,4,2020,2,4,2020,"forecast - tight prior"
"PHE","forecast - tight prior","England","death_inc_line",748.736996817974,673.361227740557,696.336694535227,725.766852081849,748.736996817974,768.63318663112,802.524262505579,829.747107710647,12,4,2020,3,4,2020,"forecast - tight prior"
"PHE","forecast - tight prior","England","death_inc_line",804.853928670282,720.539357806809,747.820660721952,781.587564686565,804.853928670282,826.973706330222,864.076580357819,890.080363682323,12,4,2020,4,4,2020,"forecast - tight prior"
"PHE","forecast - tight prior","England","death_inc_line",855.352396019453,767.139550989123,794.955374369272,831.843789975301,855.352396019453,880.336878755373,922.39466777744,947.995646265212,12,4,2020,5,4,2020,"forecast - tight prior"
"PHE","forecast - tight prior","England","death_inc_line",900.738437453988,806.415577102522,835.551673953992,876.607120610508,900.738437453988,930.889107786257,972.119410932966,1008.66893107589,12,4,2020,6,4,2020,"forecast - tight prior"
"PHE","forecast - tight prior","England","death_inc_line",941.475936570532,837.119346004404,868.035509832426,913.774438739039,941.475936570532,974.764299736073,1015.37442814619,1060.51695687148,12,4,2020,7,4,2020,"forecast - tight prior"
"PHE","forecast - tight prior","England","death_inc_line",975.356313963921,859.234122061786,893.663804465072,944.516086144618,975.356313963921,1011.52636523381,1058.80607573842,1102.68875605725,12,4,2020,8,4,2020,"forecast - tight prior"
"PHE","forecast - tight prior","England","death_inc_line",1002.59421681425,874.655510543211,910.205659338852,965.93719039061,1002.59421681425,1041.84792776563,1099.28532444056,1152.81580866035,12,4,2020,9,4,2020,"forecast - tight prior"
"PHE","forecast - tight prior","England","death_inc_line",1022.95510020411,881.396150257973,921.453814260931,979.050309192358,1022.95510020411,1068.17773451303,1137.15792875848,1194.34677340925,12,4,2020,10,4,2020,"forecast - tight prior"
"PHE","forecast - tight prior","England","death_inc_line",1037.10125801663,881.983660918952,923.999034467417,986.52006100721,1037.10125801663,1086.95218189344,1170.1882482793,1248.71051369613,12,4,2020,11,4,2020,"forecast - tight prior"
"PHE","forecast - tight prior","England","death_inc_line",1045.57782651329,874.71625822576,918.056506484225,987.994699146515,1045.57782651329,1102.33135000521,1197.63240094432,1289.09313910201,12,4,2020,12,4,2020,"forecast - tight prior"
"PHE","forecast - tight prior","England","death_inc_line",1046.47862000131,863.897196739227,905.795286655705,982.036259952248,1046.47862000131,1110.56506905359,1226.37590688913,1323.65514946059,12,4,2020,13,4,2020,"forecast - tight prior"
"PHE","forecast - tight prior","England","death_inc_line",1040.95806068208,843.48391707207,887.344190797539,968.830497538868,1040.95806068208,1114.60974637468,1248.25457345419,1363.72308749406,12,4,2020,14,4,2020,"forecast - tight prior"
"PHE","forecast - tight prior","England","death_inc_line",1032.76138189429,814.853210013248,863.559529261708,952.492172188166,1032.76138189429,1116.60869414506,1266.32906572636,1396.89627398219,12,4,2020,15,4,2020,"forecast - tight prior"
"PHE","forecast - tight prior","England","death_inc_line",1022.20375570512,787.614395091281,835.407498511429,931.783044746965,1022.20375570512,1115.74275967809,1282.67337802571,1428.96457059074,12,4,2020,16,4,2020,"forecast - tight prior"
"PHE","forecast - tight prior","England","death_inc_line",1004.16731735799,752.120006583119,804.556202598486,906.65123047235,1004.16731735799,1112.20525713036,1295.44322463223,1458.12218891747,12,4,2020,17,4,2020,"forecast - tight prior"
"PHE","forecast - tight prior","England","death_inc_line",984.404034229118,710.254927289213,773.114711735259,880.98804519927,984.404034229118,1105.38357143979,1308.47417813978,1487.19988230545,12,4,2020,18,4,2020,"forecast - tight prior"
"PHE","forecast - tight prior","England","death_inc_line",960.829855625253,669.261428986227,739.345363863519,851.103722317658,960.829855625253,1091.64198255886,1324.739227888,1524.25735817064,12,4,2020,19,4,2020,"forecast - tight prior"
"PHE","forecast - tight prior","England","death_inc_line",933.924646933201,630.422695007077,704.68626040961,818.943245845108,933.924646933201,1079.47737039386,1344.92931436364,1558.12854855738,12,4,2020,20,4,2020,"forecast - tight prior"
"PHE","forecast - tight prior","England","death_inc_line",909.051939578751,591.613040502958,667.21474136724,785.176264626284,909.051939578751,1060.40755869556,1353.07580302698,1590.20478142435,12,4,2020,21,4,2020,"forecast - tight prior"
"PHE","forecast - tight prior","England","death_inc_line",879.819268802961,553.243340173056,627.990157132906,750.320222745455,879.819268802961,1046.7059314392,1359.59854522122,1620.56785965454,12,4,2020,22,4,2020,"forecast - tight prior"
"PHE","forecast - tight prior","England","death_inc_line",849.145491267507,511.319098271012,589.401625254995,714.64422811929,849.145491267507,1023.81328311941,1350.08723991846,1649.2933246233,12,4,2020,23,4,2020,"forecast - tight prior"
"PHE","forecast - tight prior","England","death_inc_line",819.707357568107,476.941852340795,554.474049614848,678.372779993343,819.707357568107,1002.96602999262,1346.94349630405,1676.44962322818,12,4,2020,24,4,2020,"forecast - tight prior"
"PHE","forecast - tight prior","England","death_inc_line",788.612021799389,444.004663440863,519.273080634687,644.650124872579,788.612021799389,981.571282018351,1347.15648808945,1702.09771026688,12,4,2020,25,4,2020,"forecast - tight prior"
"PHE","forecast - tight prior","England","death_inc_line",759.235814804314,412.426448456194,484.580008581273,611.299212456186,759.235814804314,960.075570174139,1345.87846105932,1726.29099334669,12,4,2020,26,4,2020,"forecast - tight prior"
"PHE","forecast - tight prior","England","death_inc_line",726.32060141736,383.1775773899,452.093940010223,577.138267935181,726.32060141736,937.443338427872,1343.11152287404,1748.98390344591,12,4,2020,27,4,2020,"forecast - tight prior"
"PHE","forecast - tight prior","England","death_inc_line",694.758009671937,353.420299822157,420.519694450959,545.319570268863,694.758009671937,914.199988526118,1340.36410828864,1770.28795777074,12,4,2020,28,4,2020,"forecast - tight prior"
"PHE","forecast - tight prior","England","death_inc_line",662.905316749005,324.730916656141,388.249329227889,513.626884387613,662.905316749005,887.370160219179,1336.24118147767,1790.25171860689,12,4,2020,29,4,2020,"forecast - tight prior"
"PHE","forecast - tight prior","England","death_inc_line",632.036193806942,296.661948762566,358.904436264155,482.185599397757,632.036193806942,864.323817199261,1331.10643344939,1808.90239179808,12,4,2020,30,4,2020,"forecast - tight prior"
"PHE","forecast - tight prior","England","death_inc_line",604.163764822211,270.666962561488,332.777021030453,453.51759108974,604.163764822211,843.767739723185,1325.09253575223,1826.26204244544,12,4,2020,1,5,2020,"forecast - tight prior"
"PHE","forecast - tight prior","England","death_inc_line",577.403900642136,246.662480393319,306.76243147672,425.091033760266,577.403900642136,819.702788260612,1318.06311975953,1842.3482858194,12,4,2020,2,5,2020,"forecast - tight prior"
"PHE","forecast - tight prior","England","death_inc_line",549.51178314982,225.052314073164,282.360881567295,398.173060876134,549.51178314982,795.584239693205,1312.73970464961,1857.17497349859,12,4,2020,3,5,2020,"forecast - tight prior"
