Period,NHSERApr19CD,Sex,AgeDesc,Age,Population
2018,E40000003,1,10,10,57802
2018,E40000003,1,14,14,49075
2018,E40000003,1,2,2,64130
2018,E40000003,1,21,21,51041
2018,E40000003,1,23,23,62264
2018,E40000003,1,5,5,63406
2018,E40000003,1,53,53,54404
2018,E40000003,1,60,60,40851
2018,E40000003,1,64,64,32681
2018,E40000003,1,77,77,15709
2018,E40000003,2,17,17,46158
2018,E40000003,2,42,42,63181
2018,E40000003,2,67,67,32011
2018,E40000003,2,75,75,23636
2018,E40000003,2,76,76,21482
2018,E40000003,2,78,78,20234
2018,E40000003,2,79,79,19915
2018,E40000003,2,81,81,17794
2018,E40000003,2,82,82,16849
2018,E40000003,4,10,10,113407
2018,E40000003,4,13,13,100163
2018,E40000003,4,14,14,96282
2018,E40000003,4,2,2,125262
2018,E40000003,4,21,21,99669
2018,E40000003,4,40,40,137632
2018,E40000003,4,44,44,122540
2018,E40000003,4,51,51,114667
2018,E40000003,4,53,53,110855
2018,E40000003,4,6,6,127222
2018,E40000003,4,60,60,83208
2018,E40000003,4,63,63,71697
2018,E40000003,4,64,64,68655
2018,E40000003,4,77,77,35088
2018,E40000005,1,20,20,52852
2018,E40000005,1,23,23,54351
2018,E40000005,1,37,37,55527
2018,E40000005,1,5,5,56130
2018,E40000005,1,50,50,62424
2018,E40000005,1,54,54,63867
2018,E40000005,1,72,72,40710
2018,E40000005,2,12,12,51715
2018,E40000005,2,36,36,57626
2018,E40000005,2,39,39,58027
2018,E40000005,2,41,41,54618
2018,E40000005,2,42,42,55223
2018,E40000005,2,57,57,58531
2018,E40000005,2,62,62,49177
2018,E40000005,2,7,7,55069
2018,E40000005,2,75,75,39853
2018,E40000005,2,78,78,31990
2018,E40000005,2,81,81,28380
2018,E40000005,2,83,83,25217
2018,E40000005,4,10,10,110980
2018,E40000005,4,14,14,101027
2018,E40000005,4,2,2,103197
2018,E40000005,4,21,21,105843
2018,E40000005,4,23,23,105245
2018,E40000005,4,5,5,108845
2018,E40000005,4,50,50,126823
2018,E40000005,4,53,53,130663
2018,E40000005,4,54,54,128392
2018,E40000005,4,60,60,105752
2018,E40000005,4,64,64,93124
2018,E40000005,4,72,72,85930
2018,E40000006,1,17,17,30009
2018,E40000006,1,71,71,38697
2018,E40000006,1,86,86,9618
2018,E40000006,1,89,89,6113
2018,E40000006,2,16,16,27641
2018,E40000006,2,19,19,33428
2018,E40000006,2,31,31,33183
2018,E40000006,2,4,4,30603
2018,E40000006,2,41,41,30224
2018,E40000006,2,43,43,32546
2018,E40000006,2,52,52,41548
2018,E40000006,2,61,61,35631
2018,E40000006,2,62,62,34014
2018,E40000006,2,8,8,31884
2018,E40000006,2,80,80,20880
2018,E40000006,2,83,83,17527
2018,E40000006,2,84,84,16036
2018,E40000006,4,17,17,58938
2018,E40000006,4,50,50,77577
2018,E40000006,4,54,54,81846
2018,E40000006,4,71,71,79878
2018,E40000006,4,72,72,61475
2018,E40000006,4,86,86,23962
2018,E40000006,4,89,89,16296
2018,E40000006,4,90+,90,64295
2018,E40000007,1,20,20,33561
2018,E40000007,1,24,24,39981
2018,E40000007,1,32,32,41104
2018,E40000007,1,46,46,44140
2018,E40000007,1,49,49,45698
2018,E40000007,1,71,71,39818
2018,E40000007,1,73,73,28725
2018,E40000007,1,85,85,11210
2018,E40000007,1,86,86,10196
2018,E40000007,1,88,88,7633
2018,E40000007,1,89,89,6231
2018,E40000007,2,0,0,36078
2018,E40000007,2,11,11,38274
2018,E40000007,2,22,22,35013
2018,E40000007,2,27,27,39184
2018,E40000007,2,3,3,39117
2018,E40000007,2,35,35,42889
2018,E40000007,2,38,38,44307
2018,E40000007,2,43,43,41565
2018,E40000007,2,52,52,47742
2018,E40000007,2,61,61,37666
2018,E40000007,2,80,80,21732
2018,E40000007,2,84,84,16625
2018,E40000007,2,9,9,40251
2018,E40000007,4,20,20,63919
2018,E40000007,4,24,24,77446
2018,E40000007,4,32,32,83184
2018,E40000007,4,37,37,86374
2018,E40000007,4,49,49,92148
2018,E40000007,4,71,71,84013
2018,E40000007,4,86,86,24828
2018,E40000007,4,89,89,16673
2018,E40000008,1,19,19,70279
2018,E40000008,1,32,32,66321
2018,E40000008,1,46,46,70505
2018,E40000008,1,49,49,72969
2018,E40000008,1,73,73,46240
2018,E40000008,1,85,85,16775
2018,E40000008,1,88,88,11060
2018,E40000008,2,0,0,57937
2018,E40000008,2,11,11,62081
2018,E40000008,2,13,13,59100
2018,E40000008,2,22,22,67695
2018,E40000008,2,3,3,61558
2018,E40000008,2,35,35,67115
2018,E40000008,2,40,40,59001
2018,E40000008,2,43,43,62080
2018,E40000008,2,44,44,64089
2018,E40000008,2,51,51,74617
2018,E40000008,2,52,52,75453
2018,E40000008,2,6,6,66181
2018,E40000008,2,61,61,59970
2018,E40000008,2,63,63,56254
2018,E40000008,2,80,80,34777
2018,E40000003,1,16,16,47349
2018,E40000003,1,19,19,45615
2018,E40000003,1,31,31,85868
2018,E40000003,1,32,32,88778
2018,E40000003,1,41,41,67917
2018,E40000003,1,42,42,65316
2018,E40000003,1,57,57,47158
2018,E40000003,1,62,62,37080
2018,E40000003,1,7,7,61232
2018,E40000003,1,75,75,19250
2018,E40000003,1,78,78,16755
2018,E40000003,1,81,81,13783
2018,E40000003,1,83,83,11698
2018,E40000003,1,9,9,57674
2018,E40000003,2,1,1,60891
2018,E40000003,2,13,13,48674
2018,E40000003,2,22,22,55291
2018,E40000003,2,4,4,59059
2018,E40000003,2,55,55,53576
2018,E40000003,2,56,56,50877
2018,E40000003,2,58,58,46916
2018,E40000003,2,59,59,44376
2018,E40000003,2,65,65,34228
2018,E40000003,2,68,68,31975
2018,E40000003,4,32,32,171746
2018,E40000003,4,41,41,132483
2018,E40000003,4,42,42,128497
2018,E40000003,4,57,57,95682
2018,E40000003,4,62,62,75736
2018,E40000003,4,67,67,60959
2018,E40000003,4,7,7,119508
2018,E40000003,4,75,75,42886
2018,E40000003,4,78,78,36989
2018,E40000003,4,81,81,31577
2018,E40000003,4,83,83,27406
2018,E40000005,1,0,0,48866
2018,E40000005,1,15,15,50256
2018,E40000005,1,16,16,49268
2018,E40000005,1,18,18,52404
2018,E40000005,1,19,19,52691
2018,E40000005,1,3,3,53707
2018,E40000005,1,31,31,51151
2018,E40000005,1,33,33,52372
2018,E40000005,1,41,41,52921
2018,E40000005,1,43,43,55108
2018,E40000005,1,52,52,64024
2018,E40000005,1,61,61,49880
2018,E40000005,1,62,62,48136
2018,E40000005,1,7,7,58287
2018,E40000005,1,80,80,24688
2018,E40000005,1,83,83,19179
2018,E40000005,1,84,84,17077
2018,E40000005,1,9,9,56508
2018,E40000005,2,1,1,48110
2018,E40000005,2,10,10,54036
2018,E40000005,2,14,14,49125
2018,E40000005,2,21,21,51308
2018,E40000005,2,55,55,63208
2018,E40000005,2,58,58,56134
2018,E40000005,2,87,87,18996
2018,E40000005,4,0,0,94823
2018,E40000005,4,16,16,96084
2018,E40000005,4,19,19,102539
2018,E40000005,4,3,3,104830
2018,E40000005,4,31,31,103622
2018,E40000005,4,41,41,107539
2018,E40000005,4,43,43,112442
2018,E40000005,4,52,52,129124
2018,E40000005,4,57,57,116539
2018,E40000005,4,61,61,101300
2018,E40000005,4,62,62,97313
2018,E40000005,4,7,7,113356
2018,E40000005,4,80,80,54932
2018,E40000005,4,83,83,44396
2018,E40000005,4,9,9,109781
2018,E40000006,1,15,15,29973
2018,E40000006,1,18,18,31777
2018,E40000006,1,26,26,34515
2018,E40000006,1,29,29,34568
2018,E40000006,1,3,3,31275
2018,E40000006,1,30,30,33631
2018,E40000006,1,33,33,32702
2018,E40000006,1,34,34,31621
2018,E40000006,1,40,40,29890
2018,E40000006,1,43,43,31467
2018,E40000006,1,44,44,32595
2018,E40000006,1,51,51,39779
2018,E40000006,1,52,52,39644
2018,E40000006,1,6,6,34497
2018,E40000006,1,61,61,33805
2018,E40000006,1,63,63,31765
2018,E40000006,1,80,80,17757
2018,E40000006,1,84,84,11934
2018,E40000006,2,14,14,28877
2018,E40000006,2,23,23,31577
2018,E40000006,2,37,37,33887
2018,E40000006,2,47,47,39039
2018,E40000006,2,79,79,21866
2018,E40000006,2,87,87,13127
2018,E40000006,4,0,0,55450
2018,E40000006,4,15,15,58314
2018,E40000006,4,18,18,62154
2018,E40000006,4,3,3,60935
2018,E40000006,4,33,33,65344
2018,E40000006,4,40,40,60118
2018,E40000006,4,43,43,64013
2018,E40000006,4,51,51,81026
2018,E40000006,4,52,52,81192
2018,E40000006,4,6,6,66861
2018,E40000006,4,61,61,69436
2018,E40000006,4,80,80,38637
2018,E40000006,4,84,84,27970
2018,E40000006,4,9,9,63819
2018,E40000007,1,1,1,39484
2018,E40000007,1,10,10,42390
2018,E40000007,1,13,13,38056
2018,E40000007,1,14,14,37692
2018,E40000007,1,21,21,35378
2018,E40000007,1,22,22,36651
2018,E40000007,1,55,55,44329
2018,E40000007,1,58,58,39967
2018,E40000007,1,65,65,33219
2018,E40000007,1,68,68,32983
2018,E40000007,2,17,17,35422
2018,E40000007,2,5,5,40507
2018,E40000007,2,50,50,47083
2018,E40000007,2,54,54,46866
2018,E40000007,2,72,72,32786
2018,E40000007,2,89,89,10442
2018,E40000007,2,90+,90,43818
2018,E40000007,4,1,1,76649
2018,E40000007,4,13,13,74082
2018,E40000007,4,22,22,71664
2018,E40000007,4,4,4,81224
2018,E40000007,4,55,55,89821
2018,E40000007,4,56,56,87419
2018,E40000007,4,58,58,80372
2018,E40000007,4,59,59,78839
2018,E40000007,4,65,65,68476
2018,E40000007,4,68,68,68599
2018,E40000008,1,2,2,64928
2018,E40000008,1,25,25,72481
2018,E40000008,1,26,26,72926
2018,E40000003,1,1,1,63373
2018,E40000003,1,25,25,69612
2018,E40000003,1,26,26,74538
2018,E40000003,1,28,28,82295
2018,E40000003,1,30,30,87629
2018,E40000003,1,34,34,85655
2018,E40000003,1,55,55,51130
2018,E40000003,1,58,58,45234
2018,E40000003,1,87,87,7299
2018,E40000003,2,20,20,44381
2018,E40000003,2,24,24,67808
2018,E40000003,2,32,32,82968
2018,E40000003,2,37,37,76255
2018,E40000003,2,71,71,32858
2018,E40000003,2,86,86,12106
2018,E40000003,2,89,89,8662
2018,E40000003,4,1,1,124264
2018,E40000003,4,25,25,142317
2018,E40000003,4,26,26,150833
2018,E40000003,4,28,28,163693
2018,E40000003,4,29,29,168487
2018,E40000003,4,30,30,173005
2018,E40000003,4,34,34,164330
2018,E40000003,4,55,55,104706
2018,E40000003,4,58,58,92150
2018,E40000003,4,87,87,18476
2018,E40000005,1,25,25,54330
2018,E40000005,1,47,47,62636
2018,E40000005,1,76,76,30295
2018,E40000005,1,79,79,26083
2018,E40000005,1,82,82,21480
2018,E40000005,1,87,87,12543
2018,E40000005,1,90+,90,30139
2018,E40000005,2,19,19,49848
2018,E40000005,2,32,32,53526
2018,E40000005,2,46,46,62076
2018,E40000005,2,49,49,64112
2018,E40000005,2,73,73,42972
2018,E40000005,2,85,85,21722
2018,E40000005,2,88,88,16946
2018,E40000005,4,25,25,105046
2018,E40000005,4,28,28,106649
2018,E40000005,4,47,47,127252
2018,E40000005,4,79,79,57837
2018,E40000005,4,87,87,31539
2018,E40000005,4,90+,90,93967
2018,E40000006,1,20,20,35397
2018,E40000006,1,24,24,34810
2018,E40000006,1,37,37,32631
2018,E40000006,1,42,42,30225
2018,E40000006,1,47,47,37634
2018,E40000006,1,67,67,31429
2018,E40000006,1,75,75,25948
2018,E40000006,1,76,76,22402
2018,E40000006,1,78,78,19477
2018,E40000006,1,79,79,18898
2018,E40000006,1,81,81,16423
2018,E40000006,1,82,82,14968
2018,E40000006,2,0,0,26952
2018,E40000006,2,11,11,30644
2018,E40000006,2,12,12,29963
2018,E40000006,2,27,27,33131
2018,E40000006,2,3,3,29660
2018,E40000006,2,35,35,32673
2018,E40000006,2,36,36,33077
2018,E40000006,2,38,38,33748
2018,E40000006,2,45,45,35530
2018,E40000006,2,48,48,38854
2018,E40000006,2,66,66,33582
2018,E40000006,2,69,69,35850
2018,E40000006,2,7,7,32257
2018,E40000006,2,70,70,38186
2018,E40000006,2,74,74,30720
2018,E40000006,2,9,9,31146
2018,E40000006,4,20,20,69233
2018,E40000006,4,23,23,65560
2018,E40000006,4,24,24,67108
2018,E40000006,4,37,37,66518
2018,E40000006,4,47,47,76673
2018,E40000006,4,67,67,65465
2018,E40000006,4,76,76,47568
2018,E40000006,4,79,79,40764
2018,E40000006,4,82,82,33365
2018,E40000007,1,17,17,36487
2018,E40000007,1,36,36,41547
2018,E40000007,1,39,39,41485
2018,E40000007,1,42,42,39592
2018,E40000007,1,57,57,42102
2018,E40000007,1,67,67,32255
2018,E40000007,1,75,75,25650
2018,E40000007,1,78,78,19660
2018,E40000007,1,81,81,17311
2018,E40000007,2,15,15,34301
2018,E40000007,2,16,16,33829
2018,E40000007,2,18,18,34726
2018,E40000007,2,31,31,41837
2018,E40000007,2,33,33,42441
2018,E40000007,2,4,4,39572
2018,E40000007,2,45,45,43552
2018,E40000007,2,48,48,44949
2018,E40000007,2,56,56,44122
2018,E40000007,2,59,59,39886
2018,E40000007,2,65,65,35257
2018,E40000007,2,66,66,34713
2018,E40000007,2,68,68,35616
2018,E40000007,2,69,69,36729
2018,E40000007,2,70,70,39112
2018,E40000007,2,74,74,30740
2018,E40000007,2,8,8,40782
2018,E40000007,4,17,17,71909
2018,E40000007,4,42,42,79746
2018,E40000007,4,67,67,67137
2018,E40000007,4,75,75,54470
2018,E40000007,4,76,76,47406
2018,E40000007,4,78,78,42692
2018,E40000007,4,79,79,42147
2018,E40000007,4,81,81,37969
2018,E40000007,4,82,82,35059
2018,E40000008,1,12,12,63695
2018,E40000008,1,36,36,63874
2018,E40000008,1,39,39,62286
2018,E40000008,1,41,41,57668
2018,E40000008,1,42,42,59810
2018,E40000008,1,57,57,67400
2018,E40000008,1,62,62,56532
2018,E40000008,1,67,67,53145
2018,E40000008,1,7,7,68069
2018,E40000008,1,75,75,41792
2018,E40000008,1,78,78,31737
2018,E40000008,1,81,81,26439
2018,E40000008,1,83,83,21577
2018,E40000008,2,15,15,56025
2018,E40000008,2,18,18,59561
2018,E40000008,2,26,26,70960
2018,E40000008,2,29,29,68310
2018,E40000008,2,30,30,68091
2018,E40000008,2,33,33,66948
2018,E40000008,2,4,4,62920
2018,E40000008,2,56,56,71117
2018,E40000008,2,58,58,65169
2018,E40000008,2,59,59,63566
2018,E40000008,2,65,65,56781
2018,E40000008,2,68,68,56874
2018,E40000003,1,20,20,46576
2018,E40000003,1,24,24,67326
2018,E40000003,1,37,37,82162
2018,E40000003,1,40,40,71044
2018,E40000003,1,43,43,63663
2018,E40000003,1,44,44,62076
2018,E40000003,1,51,51,56940
2018,E40000003,1,52,52,55818
2018,E40000003,1,61,61,38523
2018,E40000003,1,63,63,34900
2018,E40000003,1,80,80,15038
2018,E40000003,1,84,84,10504
2018,E40000003,2,0,0,59362
2018,E40000003,2,11,11,53106
2018,E40000003,2,12,12,51113
2018,E40000003,2,27,27,79882
2018,E40000003,2,3,3,59951
2018,E40000003,2,35,35,78489
2018,E40000003,2,36,36,77856
2018,E40000003,2,38,38,74375
2018,E40000003,2,39,39,71521
2018,E40000003,2,47,47,59395
2018,E40000003,2,7,7,58276
2018,E40000003,2,87,87,11177
2018,E40000003,2,9,9,55425
2018,E40000003,4,20,20,90957
2018,E40000003,4,23,23,125144
2018,E40000003,4,24,24,135134
2018,E40000003,4,37,37,158417
2018,E40000003,4,43,43,125195
2018,E40000003,4,5,5,124273
2018,E40000003,4,52,52,113560
2018,E40000003,4,61,61,78772
2018,E40000003,4,80,80,34084
2018,E40000003,4,84,84,24425
2018,E40000005,1,24,24,55256
2018,E40000005,1,32,32,52095
2018,E40000005,1,40,40,52916
2018,E40000005,1,44,44,56796
2018,E40000005,1,51,51,64205
2018,E40000005,1,53,53,64739
2018,E40000005,1,60,60,52242
2018,E40000005,1,63,63,45980
2018,E40000005,1,64,64,45453
2018,E40000005,1,77,77,26166
2018,E40000005,2,0,0,45957
2018,E40000005,2,11,11,52525
2018,E40000005,2,13,13,49199
2018,E40000005,2,22,22,50041
2018,E40000005,2,27,27,53136
2018,E40000005,2,3,3,51123
2018,E40000005,2,35,35,56183
2018,E40000005,2,38,38,59831
2018,E40000005,2,47,47,64616
2018,E40000005,2,6,6,55375
2018,E40000005,2,67,67,46710
2018,E40000005,2,76,76,34843
2018,E40000005,2,79,79,31754
2018,E40000005,2,82,82,26901
2018,E40000005,2,9,9,53273
2018,E40000005,4,20,20,102488
2018,E40000005,4,24,24,106524
2018,E40000005,4,32,32,105621
2018,E40000005,4,37,37,114593
2018,E40000005,4,40,40,108063
2018,E40000005,4,44,44,114785
2018,E40000005,4,51,51,129649
2018,E40000005,4,63,63,94016
2018,E40000005,4,77,77,56721
2018,E40000005,4,84,84,40136
2018,E40000006,1,1,1,29598
2018,E40000006,1,25,25,34376
2018,E40000006,1,28,28,35179
2018,E40000006,1,45,45,34614
2018,E40000006,1,46,46,36226
2018,E40000006,1,48,48,36926
2018,E40000006,1,49,49,38205
2018,E40000006,1,66,66,31259
2018,E40000006,1,69,69,33253
2018,E40000006,1,70,70,35413
2018,E40000006,1,73,73,28655
2018,E40000006,1,74,74,27876
2018,E40000006,1,85,85,10899
2018,E40000006,1,88,88,7460
2018,E40000006,1,90+,90,20168
2018,E40000006,2,20,20,33836
2018,E40000006,2,24,24,32298
2018,E40000006,2,32,32,32082
2018,E40000006,2,40,40,30228
2018,E40000006,2,44,44,33800
2018,E40000006,2,51,51,41247
2018,E40000006,2,63,63,33448
2018,E40000006,2,77,77,22027
2018,E40000006,4,1,1,57389
2018,E40000006,4,25,25,65611
2018,E40000006,4,26,26,67369
2018,E40000006,4,28,28,67820
2018,E40000006,4,29,29,67444
2018,E40000006,4,30,30,67509
2018,E40000006,4,34,34,64577
2018,E40000006,4,46,46,73900
2018,E40000006,4,49,49,77679
2018,E40000006,4,69,69,69103
2018,E40000006,4,73,73,59803
2018,E40000006,4,85,85,26126
2018,E40000006,4,88,88,19329
2018,E40000007,1,15,15,36557
2018,E40000007,1,16,16,36187
2018,E40000007,1,18,18,37092
2018,E40000007,1,19,19,33715
2018,E40000007,1,31,31,40311
2018,E40000007,1,33,33,40872
2018,E40000007,1,4,4,41652
2018,E40000007,1,50,50,44983
2018,E40000007,1,54,54,45257
2018,E40000007,1,64,64,33811
2018,E40000007,1,72,72,30427
2018,E40000007,1,8,8,42440
2018,E40000007,2,10,10,39999
2018,E40000007,2,13,13,36026
2018,E40000007,2,14,14,36000
2018,E40000007,2,2,2,39212
2018,E40000007,2,21,21,32713
2018,E40000007,2,41,41,39746
2018,E40000007,2,42,42,40154
2018,E40000007,2,57,57,42712
2018,E40000007,2,6,6,41688
2018,E40000007,2,62,62,36671
2018,E40000007,2,67,67,34882
2018,E40000007,2,75,75,28820
2018,E40000007,2,78,78,23032
2018,E40000007,2,81,81,20658
2018,E40000007,2,83,83,18143
2018,E40000007,4,16,16,70016
2018,E40000007,4,19,19,64626
2018,E40000007,4,31,31,82148
2018,E40000007,4,50,50,92066
2018,E40000007,4,53,53,93219
2018,E40000007,4,54,54,92123
2018,E40000007,4,60,60,77229
2018,E40000007,4,64,64,69971
2018,E40000007,4,72,72,63213
2018,E40000007,4,77,77,41026
2018,E40000003,1,17,17,48951
2018,E40000003,1,56,56,48707
2018,E40000003,1,59,59,42972
2018,E40000003,1,65,65,31415
2018,E40000003,1,68,68,28522
2018,E40000003,1,74,74,20879
2018,E40000003,1,90+,90,18366
2018,E40000003,2,16,16,44768
2018,E40000003,2,19,19,42029
2018,E40000003,2,31,31,83646
2018,E40000003,2,50,50,58234
2018,E40000003,2,53,53,56451
2018,E40000003,2,54,54,55421
2018,E40000003,2,60,60,42357
2018,E40000003,2,64,64,35974
2018,E40000003,2,72,72,27411
2018,E40000003,2,77,77,19379
2018,E40000003,2,8,8,56479
2018,E40000003,4,45,45,121503
2018,E40000003,4,48,48,117472
2018,E40000003,4,56,56,99584
2018,E40000003,4,59,59,87348
2018,E40000003,4,65,65,65643
2018,E40000003,4,66,66,62995
2018,E40000003,4,68,68,60497
2018,E40000003,4,69,69,59492
2018,E40000003,4,70,70,59973
2018,E40000003,4,74,74,45526
2018,E40000003,4,90+,90,54731
2018,E40000005,1,12,12,54426
2018,E40000005,1,17,17,51086
2018,E40000005,1,36,36,53998
2018,E40000005,1,39,39,55752
2018,E40000005,1,55,55,62090
2018,E40000005,1,58,58,55094
2018,E40000005,2,15,15,47511
2018,E40000005,2,16,16,46816
2018,E40000005,2,18,18,49377
2018,E40000005,2,31,31,52471
2018,E40000005,2,33,33,54499
2018,E40000005,2,4,4,51617
2018,E40000005,2,50,50,64399
2018,E40000005,2,54,54,64525
2018,E40000005,2,71,71,58319
2018,E40000005,2,72,72,45220
2018,E40000005,2,8,8,54844
2018,E40000005,2,86,86,20404
2018,E40000005,2,89,89,14952
2018,E40000005,4,17,17,99645
2018,E40000005,4,55,55,125298
2018,E40000005,4,56,56,120686
2018,E40000005,4,58,58,111228
2018,E40000005,4,59,59,108710
2018,E40000005,4,65,65,91710
2018,E40000005,4,68,68,92158
2018,E40000006,1,10,10,33130
2018,E40000006,1,14,14,30157
2018,E40000006,1,2,2,31162
2018,E40000006,1,21,21,35967
2018,E40000006,1,23,23,33983
2018,E40000006,1,41,41,29554
2018,E40000006,1,5,5,32852
2018,E40000006,1,57,57,37259
2018,E40000006,1,62,62,32515
2018,E40000006,1,83,83,13791
2018,E40000006,2,17,17,28929
2018,E40000006,2,39,39,32307
2018,E40000006,2,55,55,40498
2018,E40000006,2,56,56,39952
2018,E40000006,2,58,58,37420
2018,E40000006,2,59,59,36949
2018,E40000006,2,65,65,34246
2018,E40000006,2,68,68,34937
2018,E40000006,4,10,10,64769
2018,E40000006,4,14,14,59034
2018,E40000006,4,2,2,60680
2018,E40000006,4,21,21,69516
2018,E40000006,4,41,41,59778
2018,E40000006,4,42,42,61470
2018,E40000006,4,5,5,63994
2018,E40000006,4,57,57,75987
2018,E40000006,4,62,62,66529
2018,E40000006,4,75,75,54247
2018,E40000006,4,78,78,41815
2018,E40000006,4,81,81,36224
2018,E40000006,4,83,83,31318
2018,E40000007,1,0,0,38025
2018,E40000007,1,11,11,40663
2018,E40000007,1,12,12,39703
2018,E40000007,1,27,27,40041
2018,E40000007,1,3,3,41092
2018,E40000007,1,35,35,40205
2018,E40000007,1,38,38,42583
2018,E40000007,1,47,47,44941
2018,E40000007,1,7,7,43328
2018,E40000007,1,76,76,22312
2018,E40000007,1,79,79,19359
2018,E40000007,1,82,82,15464
2018,E40000007,1,87,87,8884
2018,E40000007,1,9,9,41851
2018,E40000007,2,1,1,37165
2018,E40000007,2,25,25,36537
2018,E40000007,2,26,26,37749
2018,E40000007,2,28,28,39279
2018,E40000007,2,29,29,40680
2018,E40000007,2,30,30,42122
2018,E40000007,2,34,34,42170
2018,E40000007,2,46,46,45135
2018,E40000007,2,49,49,46450
2018,E40000007,2,71,71,44195
2018,E40000007,2,73,73,31087
2018,E40000007,2,85,85,15271
2018,E40000007,2,86,86,14632
2018,E40000007,2,88,88,12184
2018,E40000007,4,0,0,74103
2018,E40000007,4,11,11,78937
2018,E40000007,4,12,12,77227
2018,E40000007,4,27,27,79225
2018,E40000007,4,3,3,80209
2018,E40000007,4,35,35,83094
2018,E40000007,4,36,36,85310
2018,E40000007,4,38,38,86890
2018,E40000007,4,39,39,84334
2018,E40000007,4,47,47,91559
2018,E40000007,4,7,7,84299
2018,E40000007,4,87,87,22426
2018,E40000007,4,9,9,82102
2018,E40000008,1,0,0,60517
2018,E40000008,1,11,11,64839
2018,E40000008,1,13,13,61746
2018,E40000008,1,22,22,72661
2018,E40000008,1,27,27,75378
2018,E40000008,1,3,3,65368
2018,E40000008,1,35,35,64688
2018,E40000008,1,38,38,65503
2018,E40000008,1,47,47,72301
2018,E40000008,1,6,6,69466
2018,E40000008,1,76,76,36370
2018,E40000008,1,79,79,30998
2018,E40000008,1,82,82,23739
2018,E40000008,1,9,9,66378
2018,E40000008,2,1,1,59780
2018,E40000008,2,25,25,67974
2018,E40000003,1,12,12,53901
2018,E40000003,1,27,27,79149
2018,E40000003,1,36,36,82550
2018,E40000003,1,39,39,75823
2018,E40000003,1,45,45,61735
2018,E40000003,1,46,46,61484
2018,E40000003,1,48,48,58939
2018,E40000003,1,49,49,57698
2018,E40000003,1,66,66,29832
2018,E40000003,1,69,69,27927
2018,E40000003,1,70,70,28176
2018,E40000003,1,73,73,21611
2018,E40000003,1,8,8,59274
2018,E40000003,1,85,85,9321
2018,E40000003,1,88,88,6404
2018,E40000003,2,15,15,46690
2018,E40000003,2,18,18,45721
2018,E40000003,2,26,26,76295
2018,E40000003,2,29,29,83483
2018,E40000003,2,30,30,85376
2018,E40000003,2,33,33,81536
2018,E40000003,2,34,34,78675
2018,E40000003,2,40,40,66588
2018,E40000003,2,43,43,61532
2018,E40000003,2,44,44,60464
2018,E40000003,2,51,51,57727
2018,E40000003,2,6,6,62341
2018,E40000003,2,61,61,40249
2018,E40000003,2,63,63,36797
2018,E40000003,2,80,80,19046
2018,E40000003,2,84,84,13921
2018,E40000003,4,12,12,105014
2018,E40000003,4,17,17,95109
2018,E40000003,4,36,36,160406
2018,E40000003,4,39,39,147344
2018,E40000003,4,46,46,120973
2018,E40000003,4,49,49,116452
2018,E40000003,4,71,71,62407
2018,E40000003,4,73,73,47014
2018,E40000003,4,85,85,22417
2018,E40000003,4,86,86,20570
2018,E40000003,4,88,88,16678
2018,E40000005,1,11,11,55846
2018,E40000005,1,27,27,55165
2018,E40000005,1,35,35,53233
2018,E40000005,1,38,38,56449
2018,E40000005,1,4,4,54297
2018,E40000005,1,45,45,59003
2018,E40000005,1,48,48,60987
2018,E40000005,1,56,56,60111
2018,E40000005,1,59,59,53638
2018,E40000005,1,65,65,44669
2018,E40000005,1,66,66,42788
2018,E40000005,1,68,68,43915
2018,E40000005,1,69,69,45840
2018,E40000005,1,70,70,49047
2018,E40000005,1,74,74,38314
2018,E40000005,1,8,8,57441
2018,E40000005,2,2,2,50164
2018,E40000005,2,25,25,50716
2018,E40000005,2,26,26,51865
2018,E40000005,2,28,28,52443
2018,E40000005,2,29,29,51839
2018,E40000005,2,30,30,52363
2018,E40000005,2,34,34,54812
2018,E40000005,2,40,40,55147
2018,E40000005,2,44,44,57989
2018,E40000005,2,5,5,52715
2018,E40000005,2,51,51,65444
2018,E40000005,2,53,53,65924
2018,E40000005,2,60,60,53510
2018,E40000005,2,63,63,48036
2018,E40000005,2,64,64,47671
2018,E40000005,2,77,77,30555
2018,E40000005,4,11,11,108371
2018,E40000005,4,12,12,106141
2018,E40000005,4,27,27,108301
2018,E40000005,4,35,35,109416
2018,E40000005,4,36,36,111624
2018,E40000005,4,38,38,116280
2018,E40000005,4,39,39,113779
2018,E40000005,4,4,4,105914
2018,E40000005,4,45,45,119809
2018,E40000005,4,46,46,123200
2018,E40000005,4,48,48,123214
2018,E40000005,4,66,66,88945
2018,E40000005,4,69,69,96017
2018,E40000005,4,70,70,101955
2018,E40000005,4,73,73,81957
2018,E40000005,4,74,74,80743
2018,E40000005,4,8,8,112285
2018,E40000005,4,85,85,37010
2018,E40000005,4,88,88,27346
2018,E40000006,1,11,11,32385
2018,E40000006,1,13,13,30266
2018,E40000006,1,22,22,35620
2018,E40000006,1,4,4,31798
2018,E40000006,1,55,55,39235
2018,E40000006,1,56,56,38651
2018,E40000006,1,58,58,36001
2018,E40000006,1,59,59,35416
2018,E40000006,1,65,65,31845
2018,E40000006,1,68,68,32473
2018,E40000006,2,25,25,31235
2018,E40000006,2,28,28,32641
2018,E40000006,2,5,5,31142
2018,E40000006,2,50,50,39327
2018,E40000006,2,53,53,41405
2018,E40000006,2,54,54,41822
2018,E40000006,2,60,60,36604
2018,E40000006,2,64,64,34534
2018,E40000006,2,72,72,31800
2018,E40000006,2,90+,90,44127
2018,E40000006,4,11,11,63029
2018,E40000006,4,13,13,59367
2018,E40000006,4,22,22,68131
2018,E40000006,4,27,27,68939
2018,E40000006,4,35,35,64994
2018,E40000006,4,38,38,66740
2018,E40000006,4,4,4,62401
2018,E40000006,4,45,45,70144
2018,E40000006,4,48,48,75780
2018,E40000006,4,56,56,78603
2018,E40000006,4,59,59,72365
2018,E40000006,4,65,65,66091
2018,E40000006,4,66,66,64841
2018,E40000006,4,68,68,67410
2018,E40000006,4,70,70,73599
2018,E40000006,4,74,74,58596
2018,E40000006,4,8,8,64928
2018,E40000007,1,2,2,40889
2018,E40000007,1,26,26,39008
2018,E40000007,1,29,29,40104
2018,E40000007,1,30,30,41386
2018,E40000007,1,34,34,40103
2018,E40000007,1,40,40,39106
2018,E40000007,1,44,44,41188
2018,E40000007,1,51,51,46317
2018,E40000007,1,53,53,46132
2018,E40000007,1,6,6,43512
2018,E40000007,1,60,60,38092
2018,E40000007,1,63,63,33444
2018,E40000007,1,77,77,18996
2018,E40000003,1,0,0,63039
2018,E40000003,1,15,15,48243
2018,E40000003,1,18,18,49244
2018,E40000003,1,29,29,85004
2018,E40000003,1,3,3,62694
2018,E40000003,1,33,33,88943
2018,E40000003,1,47,47,60346
2018,E40000003,1,6,6,64881
2018,E40000003,1,67,67,28948
2018,E40000003,1,76,76,17266
2018,E40000003,1,79,79,16127
2018,E40000003,1,82,82,12962
2018,E40000003,2,10,10,55605
2018,E40000003,2,14,14,47207
2018,E40000003,2,21,21,48628
2018,E40000003,2,23,23,62880
2018,E40000003,2,45,45,59768
2018,E40000003,2,46,46,59489
2018,E40000003,2,48,48,58533
2018,E40000003,2,49,49,58754
2018,E40000003,2,66,66,33163
2018,E40000003,2,69,69,31565
2018,E40000003,2,70,70,31797
2018,E40000003,2,73,73,25403
2018,E40000003,2,74,74,24647
2018,E40000003,2,85,85,13096
2018,E40000003,2,88,88,10274
2018,E40000003,4,0,0,122401
2018,E40000003,4,15,15,94933
2018,E40000003,4,16,16,92117
2018,E40000003,4,18,18,94965
2018,E40000003,4,19,19,87644
2018,E40000003,4,3,3,122645
2018,E40000003,4,31,31,169514
2018,E40000003,4,33,33,170479
2018,E40000003,4,47,47,119741
2018,E40000003,4,76,76,38748
2018,E40000003,4,79,79,36042
2018,E40000003,4,82,82,29811
2018,E40000003,4,9,9,113099
2018,E40000005,1,2,2,53033
2018,E40000005,1,26,26,54847
2018,E40000005,1,28,28,54206
2018,E40000005,1,29,29,52547
2018,E40000005,1,30,30,52867
2018,E40000005,1,34,34,51341
2018,E40000005,1,42,42,53289
2018,E40000005,1,57,57,58008
2018,E40000005,1,6,6,58042
2018,E40000005,1,67,67,43170
2018,E40000005,1,75,75,34807
2018,E40000005,1,78,78,27192
2018,E40000005,1,81,81,22982
2018,E40000005,2,20,20,49636
2018,E40000005,2,23,23,50894
2018,E40000005,2,24,24,51268
2018,E40000005,2,37,37,59066
2018,E40000005,2,45,45,60806
2018,E40000005,2,48,48,62227
2018,E40000005,2,56,56,60575
2018,E40000005,2,59,59,55072
2018,E40000005,2,65,65,47041
2018,E40000005,2,66,66,46157
2018,E40000005,2,68,68,48243
2018,E40000005,2,69,69,50177
2018,E40000005,2,70,70,52908
2018,E40000005,2,74,74,42429
2018,E40000005,4,15,15,97767
2018,E40000005,4,18,18,101781
2018,E40000005,4,26,26,106712
2018,E40000005,4,29,29,104386
2018,E40000005,4,30,30,105230
2018,E40000005,4,33,33,106871
2018,E40000005,4,34,34,106153
2018,E40000005,4,42,42,108512
2018,E40000005,4,6,6,113417
2018,E40000005,4,67,67,89880
2018,E40000005,4,75,75,74660
2018,E40000005,4,76,76,65138
2018,E40000005,4,78,78,59182
2018,E40000005,4,81,81,51362
2018,E40000005,4,82,82,48381
2018,E40000006,1,0,0,28498
2018,E40000006,1,16,16,28965
2018,E40000006,1,19,19,35134
2018,E40000006,1,31,31,32429
2018,E40000006,1,32,32,32401
2018,E40000006,1,50,50,38250
2018,E40000006,1,53,53,39978
2018,E40000006,1,54,54,40024
2018,E40000006,1,60,60,34761
2018,E40000006,1,64,64,31854
2018,E40000006,1,7,7,33724
2018,E40000006,1,72,72,29675
2018,E40000006,1,77,77,19225
2018,E40000006,1,9,9,32673
2018,E40000006,2,1,1,27791
2018,E40000006,2,10,10,31639
2018,E40000006,2,13,13,29101
2018,E40000006,2,21,21,33549
2018,E40000006,2,22,22,32511
2018,E40000006,2,42,42,31245
2018,E40000006,2,57,57,38728
2018,E40000006,2,67,67,34036
2018,E40000006,2,75,75,28299
2018,E40000006,2,76,76,25166
2018,E40000006,2,78,78,22338
2018,E40000006,2,81,81,19801
2018,E40000006,2,82,82,18397
2018,E40000006,4,16,16,56606
2018,E40000006,4,19,19,68562
2018,E40000006,4,31,31,65612
2018,E40000006,4,32,32,64483
2018,E40000006,4,44,44,66395
2018,E40000006,4,53,53,81383
2018,E40000006,4,60,60,71365
2018,E40000006,4,63,63,65213
2018,E40000006,4,64,64,66388
2018,E40000006,4,7,7,65981
2018,E40000006,4,77,77,41252
2018,E40000007,1,23,23,38014
2018,E40000007,1,37,37,42006
2018,E40000007,1,45,45,42785
2018,E40000007,1,48,48,44363
2018,E40000007,1,56,56,43297
2018,E40000007,1,59,59,38953
2018,E40000007,1,66,66,32207
2018,E40000007,1,69,69,34011
2018,E40000007,1,70,70,36402
2018,E40000007,1,74,74,28419
2018,E40000007,2,12,12,37524
2018,E40000007,2,36,36,43763
2018,E40000007,2,39,39,42849
2018,E40000007,2,40,40,39982
2018,E40000007,2,44,44,41973
2018,E40000007,2,51,51,46968
2018,E40000007,2,53,53,47087
2018,E40000007,2,60,60,39137
2018,E40000007,2,63,63,35769
2018,E40000007,2,64,64,36160
2018,E40000007,2,77,77,22030
2018,E40000007,4,10,10,82389
2018,E40000007,4,14,14,73692
2018,E40000003,1,11,11,56154
2018,E40000003,1,13,13,51489
2018,E40000003,1,22,22,57046
2018,E40000003,1,35,35,84667
2018,E40000003,1,38,38,79633
2018,E40000003,1,4,4,62250
2018,E40000003,1,50,50,57750
2018,E40000003,1,54,54,53718
2018,E40000003,1,71,71,29549
2018,E40000003,1,72,72,23516
2018,E40000003,1,86,86,8464
2018,E40000003,1,89,89,5190
2018,E40000003,2,2,2,61132
2018,E40000003,2,25,25,72705
2018,E40000003,2,28,28,81398
2018,E40000003,2,41,41,64566
2018,E40000003,2,5,5,60867
2018,E40000003,2,52,52,57742
2018,E40000003,2,57,57,48524
2018,E40000003,2,62,62,38656
2018,E40000003,2,83,83,15708
2018,E40000003,2,90+,90,36365
2018,E40000003,4,11,11,109260
2018,E40000003,4,22,22,112337
2018,E40000003,4,27,27,159031
2018,E40000003,4,35,35,163156
2018,E40000003,4,38,38,154008
2018,E40000003,4,4,4,121309
2018,E40000003,4,50,50,115984
2018,E40000003,4,54,54,109139
2018,E40000003,4,72,72,50927
2018,E40000003,4,8,8,115753
2018,E40000003,4,89,89,13852
2018,E40000005,1,1,1,50518
2018,E40000005,1,10,10,56944
2018,E40000005,1,13,13,52064
2018,E40000005,1,14,14,51902
2018,E40000005,1,21,21,54535
2018,E40000005,1,22,22,54970
2018,E40000005,1,46,46,61124
2018,E40000005,1,49,49,62465
2018,E40000005,1,71,71,53629
2018,E40000005,1,73,73,38985
2018,E40000005,1,85,85,15288
2018,E40000005,1,86,86,14216
2018,E40000005,1,88,88,10400
2018,E40000005,1,89,89,8861
2018,E40000005,2,17,17,48559
2018,E40000005,2,43,43,57334
2018,E40000005,2,52,52,65100
2018,E40000005,2,61,61,51420
2018,E40000005,2,80,80,30244
2018,E40000005,2,84,84,23059
2018,E40000005,2,90+,90,63828
2018,E40000005,4,1,1,98628
2018,E40000005,4,13,13,101263
2018,E40000005,4,22,22,105011
2018,E40000005,4,49,49,126577
2018,E40000005,4,71,71,111948
2018,E40000005,4,86,86,34620
2018,E40000005,4,89,89,23813
2018,E40000006,1,12,12,31424
2018,E40000006,1,27,27,35808
2018,E40000006,1,35,35,32321
2018,E40000006,1,36,36,32185
2018,E40000006,1,38,38,32992
2018,E40000006,1,39,39,32089
2018,E40000006,1,8,8,33044
2018,E40000006,1,87,87,8663
2018,E40000006,2,15,15,28341
2018,E40000006,2,18,18,30377
2018,E40000006,2,2,2,29518
2018,E40000006,2,26,26,32854
2018,E40000006,2,29,29,32876
2018,E40000006,2,30,30,33878
2018,E40000006,2,33,33,32642
2018,E40000006,2,34,34,32956
2018,E40000006,2,46,46,37674
2018,E40000006,2,49,49,39474
2018,E40000006,2,6,6,32364
2018,E40000006,2,71,71,41181
2018,E40000006,2,73,73,31148
2018,E40000006,2,85,85,15227
2018,E40000006,2,86,86,14344
2018,E40000006,2,88,88,11869
2018,E40000006,2,89,89,10183
2018,E40000006,4,12,12,61387
2018,E40000006,4,36,36,65262
2018,E40000006,4,39,39,64396
2018,E40000006,4,55,55,79733
2018,E40000006,4,58,58,73421
2018,E40000006,4,87,87,21790
2018,E40000007,1,25,25,38631
2018,E40000007,1,28,28,39997
2018,E40000007,1,41,41,38946
2018,E40000007,1,43,43,40539
2018,E40000007,1,5,5,42603
2018,E40000007,1,52,52,46280
2018,E40000007,1,61,61,36631
2018,E40000007,1,62,62,35214
2018,E40000007,1,80,80,18619
2018,E40000007,1,83,83,14364
2018,E40000007,1,84,84,12654
2018,E40000007,1,90+,90,20450
2018,E40000007,2,19,19,30911
2018,E40000007,2,32,32,42080
2018,E40000007,2,55,55,45492
2018,E40000007,2,58,58,40405
2018,E40000007,2,7,7,40971
2018,E40000007,2,87,87,13542
2018,E40000007,4,2,2,80101
2018,E40000007,4,25,25,75168
2018,E40000007,4,28,28,79276
2018,E40000007,4,41,41,78692
2018,E40000007,4,5,5,83110
2018,E40000007,4,52,52,94022
2018,E40000007,4,57,57,84814
2018,E40000007,4,62,62,71885
2018,E40000007,4,83,83,32507
2018,E40000007,4,90+,90,64268
2018,E40000008,1,20,20,72337
2018,E40000008,1,23,23,71745
2018,E40000008,1,24,24,73162
2018,E40000008,1,37,37,64921
2018,E40000008,1,45,45,66709
2018,E40000008,1,48,48,70372
2018,E40000008,1,56,56,70173
2018,E40000008,1,59,59,62378
2018,E40000008,1,65,65,54895
2018,E40000008,1,66,66,53022
2018,E40000008,1,68,68,53747
2018,E40000008,1,69,69,54580
2018,E40000008,1,70,70,56673
2018,E40000008,1,74,74,46215
2018,E40000008,2,12,12,61437
2018,E40000008,2,27,27,71300
2018,E40000008,2,36,36,65685
2018,E40000008,2,38,38,67650
2018,E40000008,2,39,39,63692
2018,E40000008,2,50,50,73953
2018,E40000008,2,53,53,75836
2018,E40000008,2,60,60,62146
2018,E40000008,2,64,64,57532
2018,E40000008,4,12,12,125132
2018,E40000008,4,17,17,117015
2018,E40000008,4,36,36,129559
2018,E40000008,4,39,39,125978
2018,E40000008,4,42,42,120136
2018,E40000008,4,57,57,135891
2018,E40000008,4,67,67,108211
2018,E40000008,4,75,75,88052
2018,E40000008,4,78,78,68525
2018,E40000008,4,81,81,59184
2018,E40000009,1,0,0,47266
2018,E40000009,1,12,12,51085
2018,E40000009,1,27,27,60935
2018,E40000009,1,35,35,51239
2018,E40000009,1,36,36,51210
2018,E40000009,1,38,38,52295
2018,E40000009,1,39,39,50094
2018,E40000009,1,41,41,44945
2018,E40000009,1,57,57,56374
2018,E40000009,1,62,62,48967
2018,E40000009,1,7,7,53757
2018,E40000009,1,81,81,21796
2018,E40000009,1,83,83,17725
2018,E40000009,1,9,9,52831
2018,E40000009,2,1,1,47347
2018,E40000009,2,15,15,44164
2018,E40000009,2,18,18,47305
2018,E40000009,2,26,26,58890
2018,E40000009,2,29,29,54410
2018,E40000009,2,30,30,56284
2018,E40000009,2,33,33,54946
2018,E40000009,2,34,34,53503
2018,E40000009,2,55,55,61175
2018,E40000009,2,56,56,59988
2018,E40000009,2,58,58,56234
2018,E40000009,2,59,59,55678
2018,E40000009,2,65,65,47968
2018,E40000009,2,68,68,48137
2018,E40000009,4,12,12,99988
2018,E40000009,4,36,36,104567
2018,E40000009,4,39,39,100913
2018,E40000009,4,41,41,90565
2018,E40000009,4,42,42,95208
2018,E40000009,4,57,57,114561
2018,E40000009,4,62,62,99681
2018,E40000009,4,7,7,105114
2018,E40000009,4,75,75,68422
2018,E40000009,4,78,78,57344
2018,E40000009,4,81,81,49754
2018,E40000009,4,83,83,41898
2018,E40000010,1,16,16,38791
2018,E40000010,1,19,19,43265
2018,E40000010,1,54,54,49000
2018,E40000010,1,62,62,38182
2018,E40000010,1,8,8,44457
2018,E40000010,1,81,81,16780
2018,E40000010,1,83,83,13799
2018,E40000010,2,13,13,39097
2018,E40000010,2,22,22,44305
2018,E40000010,2,31,31,46201
2018,E40000010,2,41,41,38642
2018,E40000010,2,43,43,41304
2018,E40000010,2,52,52,50103
2018,E40000010,2,57,57,46999
2018,E40000010,2,6,6,44058
2018,E40000010,2,65,65,37140
2018,E40000010,2,68,68,37319
2018,E40000010,4,19,19,85453
2018,E40000010,4,50,50,97647
2018,E40000010,4,54,54,99526
2018,E40000010,4,62,62,77529
2018,E40000010,4,67,67,71789
2018,E40000010,4,75,75,55535
2018,E40000010,4,78,78,45478
2018,E40000010,4,81,81,38195
2018,E40000010,4,83,83,32259
2018,E40000010,4,90+,90,57611
2018,E40000008,1,28,28,72357
2018,E40000008,1,29,29,69105
2018,E40000008,1,30,30,68002
2018,E40000008,1,34,34,64545
2018,E40000008,1,40,40,58026
2018,E40000008,1,44,44,63002
2018,E40000008,1,5,5,67779
2018,E40000008,1,51,51,73456
2018,E40000008,1,53,53,73177
2018,E40000008,1,60,60,60954
2018,E40000008,1,63,63,54919
2018,E40000008,1,64,64,55282
2018,E40000008,1,77,77,31559
2018,E40000008,2,20,20,67617
2018,E40000008,2,24,24,68370
2018,E40000008,2,37,37,66316
2018,E40000008,2,42,42,60326
2018,E40000008,2,47,47,74756
2018,E40000008,2,67,67,55066
2018,E40000008,2,75,75,46260
2018,E40000008,2,76,76,40475
2018,E40000008,2,78,78,36788
2018,E40000008,2,79,79,36216
2018,E40000008,2,82,82,30278
2018,E40000008,4,2,2,126861
2018,E40000008,4,26,26,143886
2018,E40000008,4,29,29,137415
2018,E40000008,4,30,30,136093
2018,E40000008,4,34,34,130270
2018,E40000008,4,40,40,117027
2018,E40000008,4,44,44,127091
2018,E40000008,4,51,51,148073
2018,E40000008,4,53,53,149013
2018,E40000008,4,6,6,135647
2018,E40000008,4,60,60,123100
2018,E40000008,4,63,63,111173
2018,E40000008,4,64,64,112814
2018,E40000008,4,77,77,67827
2018,E40000009,1,1,1,49536
2018,E40000009,1,10,10,53004
2018,E40000009,1,14,14,47865
2018,E40000009,1,21,21,59971
2018,E40000009,1,23,23,57774
2018,E40000009,1,87,87,10360
2018,E40000009,2,17,17,44911
2018,E40000009,2,46,46,57464
2018,E40000009,2,49,49,60294
2018,E40000009,2,71,71,55282
2018,E40000009,2,73,73,40778
2018,E40000009,2,86,86,18258
2018,E40000009,2,88,88,14895
2018,E40000009,2,89,89,12378
2018,E40000009,4,1,1,96883
2018,E40000009,4,10,10,103421
2018,E40000009,4,14,14,93393
2018,E40000009,4,21,21,117615
2018,E40000009,4,55,55,120704
2018,E40000009,4,58,58,110857
2018,E40000009,4,87,87,27217
2018,E40000010,1,1,1,42721
2018,E40000010,1,10,10,44680
2018,E40000010,1,14,14,39972
2018,E40000010,1,21,21,46611
2018,E40000010,1,23,23,46389
2018,E40000010,1,30,30,47286
2018,E40000010,1,33,33,46105
2018,E40000010,1,40,40,39012
2018,E40000010,1,43,43,40264
2018,E40000010,1,44,44,41211
2018,E40000010,1,51,51,48948
2018,E40000010,1,52,52,48021
2018,E40000010,1,87,87,8210
2018,E40000010,2,17,17,37660
2018,E40000010,2,47,47,49809
2018,E40000010,2,71,71,43945
2018,E40000010,2,86,86,14342
2018,E40000010,2,89,89,9758
2018,E40000010,4,1,1,83159
2018,E40000010,4,10,10,86882
2018,E40000010,4,14,14,78026
2018,E40000010,4,21,21,91249
2018,E40000010,4,31,31,91303
2018,E40000010,4,33,33,92755
2018,E40000010,4,43,43,81568
2018,E40000010,4,52,52,98124
2018,E40000010,4,87,87,21217
2018,E40000008,2,84,84,25265
2018,E40000008,4,24,24,141532
2018,E40000008,4,32,32,133905
2018,E40000008,4,46,46,141487
2018,E40000008,4,49,49,147843
2018,E40000008,4,71,71,125129
2018,E40000008,4,73,73,96333
2018,E40000008,4,85,85,40167
2018,E40000008,4,86,86,37365
2018,E40000008,4,88,88,29090
2018,E40000008,4,89,89,24177
2018,E40000009,1,16,16,46277
2018,E40000009,1,19,19,56347
2018,E40000009,1,31,31,52467
2018,E40000009,1,32,32,54117
2018,E40000009,1,45,45,52628
2018,E40000009,1,46,46,55762
2018,E40000009,1,48,48,56903
2018,E40000009,1,49,49,57685
2018,E40000009,1,66,66,44237
2018,E40000009,1,69,69,46425
2018,E40000009,1,70,70,47949
2018,E40000009,1,73,73,37082
2018,E40000009,1,74,74,36168
2018,E40000009,1,8,8,53392
2018,E40000009,1,85,85,13598
2018,E40000009,1,88,88,8481
2018,E40000009,2,10,10,50417
2018,E40000009,2,13,13,46766
2018,E40000009,2,2,2,48187
2018,E40000009,2,21,21,57644
2018,E40000009,2,22,22,55714
2018,E40000009,2,40,40,46414
2018,E40000009,2,44,44,50805
2018,E40000009,2,51,51,60909
2018,E40000009,2,6,6,52208
2018,E40000009,2,63,63,48186
2018,E40000009,2,77,77,30065
2018,E40000009,2,84,84,21725
2018,E40000009,4,16,16,90011
2018,E40000009,4,19,19,110722
2018,E40000009,4,31,31,107216
2018,E40000009,4,32,32,108911
2018,E40000009,4,46,46,113226
2018,E40000009,4,49,49,117979
2018,E40000009,4,69,69,94915
2018,E40000009,4,73,73,77860
2018,E40000009,4,85,85,33322
2018,E40000009,4,88,88,23376
2018,E40000010,1,12,12,42842
2018,E40000010,1,27,27,51062
2018,E40000010,1,37,37,44058
2018,E40000010,1,42,42,39165
2018,E40000010,1,47,47,47857
2018,E40000010,1,66,66,34839
2018,E40000010,1,69,69,36572
2018,E40000010,1,7,7,45099
2018,E40000010,1,70,70,38364
2018,E40000010,1,73,73,28740
2018,E40000010,1,74,74,28605
2018,E40000010,1,85,85,10437
2018,E40000010,1,88,88,6826
2018,E40000010,1,9,9,43875
2018,E40000010,2,1,1,40438
2018,E40000010,2,15,15,36769
2018,E40000010,2,18,18,38766
2018,E40000010,2,26,26,48833
2018,E40000010,2,29,29,47316
2018,E40000010,2,35,35,45495
2018,E40000010,2,36,36,45188
2018,E40000010,2,38,38,45034
2018,E40000010,2,39,39,42699
2018,E40000010,2,4,4,42236
2018,E40000010,2,45,45,44750
2018,E40000010,2,46,46,47714
2018,E40000010,2,48,48,48531
2018,E40000010,2,63,63,37914
2018,E40000010,2,77,77,24524
2018,E40000010,2,84,84,16683
2018,E40000010,4,12,12,83224
2018,E40000010,4,37,37,88445
2018,E40000010,4,47,47,97666
2018,E40000010,4,7,7,88590
2018,E40000010,4,73,73,60154
2018,E40000010,4,85,85,25629
2018,E40000010,4,88,88,18322
2018,E40000007,4,8,8,83222
2018,E40000008,1,15,15,59274
2018,E40000008,1,16,16,58273
2018,E40000008,1,18,18,63374
2018,E40000008,1,31,31,65327
2018,E40000008,1,33,33,66570
2018,E40000008,1,4,4,65986
2018,E40000008,1,50,50,72935
2018,E40000008,1,54,54,72391
2018,E40000008,1,71,71,61054
2018,E40000008,1,72,72,47254
2018,E40000008,1,8,8,66917
2018,E40000008,1,86,86,15234
2018,E40000008,1,89,89,8698
2018,E40000008,2,10,10,64028
2018,E40000008,2,14,14,58097
2018,E40000008,2,2,2,61933
2018,E40000008,2,21,21,68710
2018,E40000008,2,23,23,66479
2018,E40000008,2,41,41,58188
2018,E40000008,2,5,5,64513
2018,E40000008,2,57,57,68491
2018,E40000008,2,62,62,58117
2018,E40000008,2,81,81,32745
2018,E40000008,2,83,83,27919
2018,E40000008,4,15,15,115299
2018,E40000008,4,16,16,113734
2018,E40000008,4,18,18,122935
2018,E40000008,4,19,19,136887
2018,E40000008,4,31,31,133010
2018,E40000008,4,33,33,133518
2018,E40000008,4,4,4,128906
2018,E40000008,4,50,50,146888
2018,E40000008,4,54,54,146640
2018,E40000008,4,72,72,97522
2018,E40000008,4,8,8,130311
2018,E40000009,1,15,15,46693
2018,E40000009,1,18,18,49531
2018,E40000009,1,26,26,60463
2018,E40000009,1,29,29,55335
2018,E40000009,1,30,30,55163
2018,E40000009,1,33,33,53241
2018,E40000009,1,34,34,51755
2018,E40000009,1,4,4,51869
2018,E40000009,1,71,71,51985
2018,E40000009,1,86,86,12118
2018,E40000009,1,89,89,6999
2018,E40000009,2,14,14,45528
2018,E40000009,2,23,23,54108
2018,E40000009,2,37,37,53893
2018,E40000009,2,41,41,45620
2018,E40000009,2,43,43,48922
2018,E40000009,2,5,5,50407
2018,E40000009,2,52,52,61180
2018,E40000009,2,61,61,52269
2018,E40000009,2,62,62,50714
2018,E40000009,2,80,80,29689
2018,E40000009,2,83,83,24173
2018,E40000009,4,15,15,90857
2018,E40000009,4,18,18,96836
2018,E40000009,4,33,33,108187
2018,E40000009,4,4,4,100927
2018,E40000009,4,50,50,118949
2018,E40000009,4,54,54,122022
2018,E40000009,4,71,71,107267
2018,E40000009,4,72,72,80292
2018,E40000009,4,8,8,104533
2018,E40000009,4,86,86,30376
2018,E40000009,4,89,89,19377
2018,E40000010,1,17,17,39630
2018,E40000010,1,41,41,38032
2018,E40000010,1,57,57,45437
2018,E40000010,1,65,65,36469
2018,E40000010,1,68,68,35672
2018,E40000010,2,16,16,36596
2018,E40000010,2,19,19,42188
2018,E40000010,2,55,55,49788
2018,E40000010,2,56,56,49237
2018,E40000010,2,58,58,44810
2018,E40000010,2,59,59,43502
2018,E40000010,2,60,60,42361
2018,E40000010,2,64,64,37759
2018,E40000010,2,72,72,32580
2018,E40000010,2,8,8,42288
2018,E40000010,4,17,17,77290
2018,E40000010,4,41,41,76674
2018,E40000010,4,42,42,79660
2018,E40000010,4,57,57,92436
2018,E40000010,4,65,65,73609
2018,E40000010,4,66,66,70902
2018,E40000010,4,68,68,72991
2018,E40000010,4,69,69,74349
2018,E40000010,4,70,70,78918
2018,E40000010,4,74,74,60150
2018,E40000008,2,28,28,69256
2018,E40000008,2,34,34,65725
2018,E40000008,2,45,45,67416
2018,E40000008,2,46,46,70982
2018,E40000008,2,48,48,72699
2018,E40000008,2,49,49,74874
2018,E40000008,2,66,66,55224
2018,E40000008,2,69,69,58223
2018,E40000008,2,70,70,60869
2018,E40000008,2,73,73,50093
2018,E40000008,2,74,74,50840
2018,E40000008,2,85,85,23392
2018,E40000008,2,88,88,18030
2018,E40000008,2,90+,90,63910
2018,E40000008,4,0,0,118454
2018,E40000008,4,11,11,126920
2018,E40000008,4,27,27,146678
2018,E40000008,4,3,3,126926
2018,E40000008,4,35,35,131803
2018,E40000008,4,38,38,133153
2018,E40000008,4,47,47,147057
2018,E40000008,4,7,7,133326
2018,E40000008,4,76,76,76845
2018,E40000008,4,79,79,67214
2018,E40000008,4,82,82,54017
2018,E40000008,4,87,87,33328
2018,E40000008,4,9,9,129632
2018,E40000009,1,11,11,51277
2018,E40000009,1,13,13,48393
2018,E40000009,1,22,22,59937
2018,E40000009,1,3,3,51103
2018,E40000009,1,42,42,46924
2018,E40000009,1,47,47,58921
2018,E40000009,1,6,6,54474
2018,E40000009,1,67,67,44844
2018,E40000009,1,75,75,32381
2018,E40000009,1,76,76,28271
2018,E40000009,1,78,78,25938
2018,E40000009,1,79,79,25042
2018,E40000009,1,82,82,19511
2018,E40000009,2,25,25,56750
2018,E40000009,2,28,28,55311
2018,E40000009,2,45,45,53748
2018,E40000009,2,48,48,58995
2018,E40000009,2,66,66,46335
2018,E40000009,2,69,69,48490
2018,E40000009,2,70,70,51654
2018,E40000009,2,74,74,39445
2018,E40000009,2,85,85,19724
2018,E40000009,2,90+,90,49880
2018,E40000009,4,0,0,92626
2018,E40000009,4,11,11,100179
2018,E40000009,4,13,13,95159
2018,E40000009,4,22,22,115651
2018,E40000009,4,27,27,118920
2018,E40000009,4,3,3,99599
2018,E40000009,4,35,35,104939
2018,E40000009,4,38,38,105797
2018,E40000009,4,47,47,119508
2018,E40000009,4,6,6,106682
2018,E40000009,4,67,67,91938
2018,E40000009,4,76,76,61072
2018,E40000009,4,79,79,55678
2018,E40000009,4,82,82,45371
2018,E40000009,4,9,9,102994
2018,E40000010,1,20,20,44360
2018,E40000010,1,24,24,47272
2018,E40000010,1,34,34,44402
2018,E40000010,1,45,45,43234
2018,E40000010,1,46,46,46327
2018,E40000010,1,48,48,46911
2018,E40000010,1,49,49,48661
2018,E40000010,1,61,61,39894
2018,E40000010,1,63,63,36309
2018,E40000010,1,80,80,18767
2018,E40000010,1,84,84,11726
2018,E40000010,1,90+,90,18051
2018,E40000010,2,0,0,38879
2018,E40000010,2,11,11,41002
2018,E40000010,2,12,12,40382
2018,E40000010,2,27,27,49106
2018,E40000010,2,3,3,41654
2018,E40000010,2,32,32,46519
2018,E40000010,2,37,37,44387
2018,E40000010,2,40,40,39584
2018,E40000010,2,44,44,42219
2018,E40000010,2,51,51,50021
2018,E40000010,2,7,7,43491
2018,E40000010,2,87,87,13007
2018,E40000010,2,9,9,42012
2018,E40000010,4,20,20,86985
2018,E40000010,4,23,23,90469
2018,E40000010,4,24,24,92182
2018,E40000010,4,30,30,94834
2018,E40000010,4,34,34,89785
2018,E40000010,4,46,46,94041
2018,E40000010,4,49,49,98539
2018,E40000010,4,5,5,87513
2018,E40000010,4,61,61,81474
2018,E40000010,4,80,80,41918
2018,E40000010,4,84,84,28409
2018,E40000008,2,77,77,36268
2018,E40000008,2,8,8,63394
2018,E40000008,4,20,20,139954
2018,E40000008,4,23,23,138224
2018,E40000008,4,37,37,131237
2018,E40000008,4,45,45,134125
2018,E40000008,4,48,48,143071
2018,E40000008,4,56,56,141290
2018,E40000008,4,59,59,125944
2018,E40000008,4,65,65,111676
2018,E40000008,4,66,66,108246
2018,E40000008,4,68,68,110621
2018,E40000008,4,69,69,112803
2018,E40000008,4,70,70,117542
2018,E40000008,4,74,74,97055
2018,E40000009,1,17,17,47388
2018,E40000009,1,40,40,46050
2018,E40000009,1,43,43,48284
2018,E40000009,1,44,44,48881
2018,E40000009,1,51,51,59761
2018,E40000009,1,52,52,59723
2018,E40000009,1,61,61,51157
2018,E40000009,1,63,63,46712
2018,E40000009,1,80,80,24006
2018,E40000009,1,84,84,15466
2018,E40000009,2,0,0,45360
2018,E40000009,2,16,16,43734
2018,E40000009,2,19,19,54375
2018,E40000009,2,3,3,48496
2018,E40000009,2,31,31,54749
2018,E40000009,2,47,47,60587
2018,E40000009,2,7,7,51357
2018,E40000009,2,79,79,30636
2018,E40000009,2,87,87,16857
2018,E40000009,2,9,9,50163
2018,E40000009,4,17,17,92299
2018,E40000009,4,40,40,92464
2018,E40000009,4,43,43,97206
2018,E40000009,4,51,51,120670
2018,E40000009,4,52,52,120903
2018,E40000009,4,61,61,103426
2018,E40000009,4,80,80,53695
2018,E40000009,4,84,84,37191
2018,E40000009,4,90+,90,72042
2018,E40000010,1,0,0,41098
2018,E40000010,1,15,15,38949
2018,E40000010,1,18,18,40981
2018,E40000010,1,26,26,49190
2018,E40000010,1,29,29,47566
2018,E40000010,1,3,3,43960
2018,E40000010,1,36,36,44054
2018,E40000010,1,38,38,43787
2018,E40000010,1,39,39,42032
2018,E40000010,1,55,55,47551
2018,E40000010,1,6,6,46123
2018,E40000010,1,71,71,41111
2018,E40000010,1,72,72,30284
2018,E40000010,1,86,86,9184
2018,E40000010,1,89,89,5406
2018,E40000010,2,10,10,42202
2018,E40000010,2,14,14,38054
2018,E40000010,2,21,21,44638
2018,E40000010,2,23,23,44080
2018,E40000010,2,30,30,47548
2018,E40000010,2,33,33,46650
2018,E40000010,2,34,34,45383
2018,E40000010,2,49,49,49878
2018,E40000010,2,61,61,41580
2018,E40000010,2,62,62,39347
2018,E40000010,2,80,80,23151
2018,E40000010,2,83,83,18460
2018,E40000010,4,0,0,79977
2018,E40000010,4,15,15,75718
2018,E40000010,4,16,16,75387
2018,E40000010,4,18,18,79747
2018,E40000010,4,3,3,85614
2018,E40000010,4,36,36,89242
2018,E40000010,4,39,39,84731
2018,E40000010,4,55,55,97339
2018,E40000010,4,58,58,88236
2018,E40000010,4,6,6,90181
2018,E40000010,4,71,71,85056
2018,E40000010,4,72,72,62864
2018,E40000010,4,86,86,23526
2018,E40000010,4,89,89,15164
2018,E40000010,4,9,9,85887
2018,E40000007,2,20,20,30358
2018,E40000007,2,23,23,35664
2018,E40000007,2,24,24,37465
2018,E40000007,2,37,37,44368
2018,E40000007,2,47,47,46618
2018,E40000007,2,76,76,25094
2018,E40000007,2,79,79,22788
2018,E40000007,2,82,82,19595
2018,E40000007,4,15,15,70858
2018,E40000007,4,18,18,71818
2018,E40000007,4,26,26,76757
2018,E40000007,4,29,29,80784
2018,E40000007,4,30,30,83508
2018,E40000007,4,33,33,83313
2018,E40000007,4,34,34,82273
2018,E40000007,4,40,40,79088
2018,E40000007,4,43,43,82104
2018,E40000007,4,44,44,83161
2018,E40000007,4,51,51,93285
2018,E40000007,4,6,6,85200
2018,E40000007,4,61,61,74297
2018,E40000007,4,63,63,69213
2018,E40000007,4,80,80,40351
2018,E40000007,4,84,84,29279
2018,E40000008,1,1,1,63138
2018,E40000008,1,10,10,67195
2018,E40000008,1,14,14,61317
2018,E40000008,1,21,21,73697
2018,E40000008,1,55,55,71586
2018,E40000008,1,58,58,63627
2018,E40000008,1,87,87,13108
2018,E40000008,2,17,17,57199
2018,E40000008,2,54,54,74249
2018,E40000008,2,71,71,64075
2018,E40000008,2,72,72,50268
2018,E40000008,2,86,86,22131
2018,E40000008,2,89,89,15479
2018,E40000008,4,1,1,122918
2018,E40000008,4,10,10,131223
2018,E40000008,4,13,13,120846
2018,E40000008,4,14,14,119414
2018,E40000008,4,21,21,142407
2018,E40000008,4,22,22,140356
2018,E40000008,4,55,55,143651
2018,E40000008,4,58,58,128796
2018,E40000009,1,2,2,51087
2018,E40000009,1,25,25,59676
2018,E40000009,1,28,28,57988
2018,E40000009,1,5,5,52957
2018,E40000009,1,50,50,58533
2018,E40000009,1,53,53,60666
2018,E40000009,1,54,54,60189
2018,E40000009,1,60,60,53104
2018,E40000009,1,64,64,47135
2018,E40000009,1,72,72,38471
2018,E40000009,1,77,77,25617
2018,E40000009,1,90+,90,22162
2018,E40000009,2,20,20,57250
2018,E40000009,2,24,24,55722
2018,E40000009,2,32,32,54794
2018,E40000009,2,42,42,48284
2018,E40000009,2,57,57,58187
2018,E40000009,2,67,67,47094
2018,E40000009,2,75,75,36041
2018,E40000009,2,76,76,32801
2018,E40000009,2,78,78,31406
2018,E40000009,2,81,81,27958
2018,E40000009,2,82,82,25860
2018,E40000009,4,2,2,99274
2018,E40000009,4,25,25,116426
2018,E40000009,4,26,26,119353
2018,E40000009,4,28,28,113299
2018,E40000009,4,29,29,109745
2018,E40000009,4,30,30,111447
2018,E40000009,4,34,34,105258
2018,E40000009,4,44,44,99686
2018,E40000009,4,5,5,103364
2018,E40000009,4,53,53,122585
2018,E40000009,4,60,60,108279
2018,E40000009,4,63,63,94898
2018,E40000009,4,64,64,95518
2018,E40000009,4,77,77,55682
2018,E40000010,1,2,2,44000
2018,E40000010,1,25,25,47997
2018,E40000010,1,28,28,49601
2018,E40000010,1,35,35,44458
2018,E40000010,1,5,5,44961
2018,E40000010,1,56,56,47436
2018,E40000010,1,58,58,43426
2018,E40000010,1,59,59,42270
2018,E40000010,1,60,60,41649
2018,E40000010,1,64,64,36503
2018,E40000010,1,77,77,20795
2018,E40000010,2,20,20,42625
2018,E40000010,2,24,24,44910
2018,E40000010,2,50,50,49662
2018,E40000010,2,53,53,51278
2018,E40000010,2,54,54,50526
2018,E40000010,2,67,67,36842
2018,E40000010,2,75,75,29404
2018,E40000010,2,76,76,26714
2018,E40000010,2,78,78,24697
2018,E40000010,2,79,79,23942
2018,E40000010,2,81,81,21415
2018,E40000010,2,82,82,20273
2018,E40000010,2,90+,90,39560
2018,E40000010,4,2,2,85657
2018,E40000010,4,25,25,94053
2018,E40000010,4,26,26,98023
2018,E40000010,4,28,28,97160
2018,E40000010,4,29,29,94882
2018,E40000010,4,35,35,89953
2018,E40000010,4,38,38,88821
2018,E40000010,4,45,45,87984
2018,E40000010,4,48,48,95442
2018,E40000010,4,56,56,96673
2018,E40000010,4,59,59,85772
2018,E40000010,4,60,60,84010
2018,E40000010,4,63,63,74223
2018,E40000010,4,64,64,74262
2018,E40000010,4,77,77,45319
2018,E40000007,4,21,21,68091
2018,E40000007,4,23,23,73678
2018,E40000007,4,45,45,86337
2018,E40000007,4,46,46,89275
2018,E40000007,4,48,48,89312
2018,E40000007,4,66,66,66920
2018,E40000007,4,69,69,70740
2018,E40000007,4,70,70,75514
2018,E40000007,4,73,73,59812
2018,E40000007,4,74,74,59159
2018,E40000007,4,85,85,26481
2018,E40000007,4,88,88,19817
2018,E40000008,1,17,17,59816
2018,E40000008,1,43,43,61084
2018,E40000008,1,52,52,73158
2018,E40000008,1,61,61,58269
2018,E40000008,1,80,80,28858
2018,E40000008,1,84,84,18639
2018,E40000008,1,90+,90,28452
2018,E40000008,2,16,16,55461
2018,E40000008,2,19,19,66608
2018,E40000008,2,31,31,67683
2018,E40000008,2,32,32,67584
2018,E40000008,2,55,55,72065
2018,E40000008,2,7,7,65257
2018,E40000008,2,87,87,20220
2018,E40000008,2,9,9,63254
2018,E40000008,4,25,25,140455
2018,E40000008,4,28,28,141613
2018,E40000008,4,41,41,115856
2018,E40000008,4,43,43,123164
2018,E40000008,4,5,5,132292
2018,E40000008,4,52,52,148611
2018,E40000008,4,61,61,118239
2018,E40000008,4,62,62,114649
2018,E40000008,4,80,80,63635
2018,E40000008,4,83,83,49496
2018,E40000008,4,84,84,43904
2018,E40000008,4,90+,90,92362
2018,E40000009,1,20,20,58908
2018,E40000009,1,24,24,58835
2018,E40000009,1,37,37,51517
2018,E40000009,1,55,55,59529
2018,E40000009,1,56,56,58658
2018,E40000009,1,58,58,54623
2018,E40000009,1,59,59,53550
2018,E40000009,1,65,65,46130
2018,E40000009,1,68,68,44658
2018,E40000009,2,11,11,48902
2018,E40000009,2,12,12,48903
2018,E40000009,2,27,27,57985
2018,E40000009,2,35,35,53700
2018,E40000009,2,36,36,53357
2018,E40000009,2,38,38,53502
2018,E40000009,2,39,39,50819
2018,E40000009,2,4,4,49058
2018,E40000009,2,50,50,60416
2018,E40000009,2,53,53,61919
2018,E40000009,2,54,54,61833
2018,E40000009,2,60,60,55175
2018,E40000009,2,64,64,48383
2018,E40000009,2,72,72,41821
2018,E40000009,2,8,8,51141
2018,E40000009,4,20,20,116158
2018,E40000009,4,23,23,111882
2018,E40000009,4,24,24,114557
2018,E40000009,4,37,37,105410
2018,E40000009,4,45,45,106376
2018,E40000009,4,48,48,115898
2018,E40000009,4,56,56,118646
2018,E40000009,4,59,59,109228
2018,E40000009,4,65,65,94098
2018,E40000009,4,66,66,90572
2018,E40000009,4,68,68,92795
2018,E40000009,4,70,70,99603
2018,E40000009,4,74,74,75613
2018,E40000010,1,11,11,43410
2018,E40000010,1,13,13,40982
2018,E40000010,1,22,22,46430
2018,E40000010,1,31,31,45102
2018,E40000010,1,32,32,46064
2018,E40000010,1,4,4,44296
2018,E40000010,1,50,50,47985
2018,E40000010,1,53,53,48958
2018,E40000010,1,67,67,34947
2018,E40000010,1,75,75,26131
2018,E40000010,1,76,76,22963
2018,E40000010,1,78,78,20781
2018,E40000010,1,79,79,19836
2018,E40000010,1,82,82,15368
2018,E40000010,2,2,2,41657
2018,E40000010,2,25,25,46056
2018,E40000010,2,28,28,47559
2018,E40000010,2,42,42,40495
2018,E40000010,2,5,5,42552
2018,E40000010,2,66,66,36063
2018,E40000010,2,69,69,37777
2018,E40000010,2,70,70,40554
2018,E40000010,2,73,73,31414
2018,E40000010,2,74,74,31545
2018,E40000010,2,85,85,15192
2018,E40000010,2,88,88,11496
2018,E40000010,4,11,11,84412
2018,E40000010,4,13,13,80079
2018,E40000010,4,22,22,90735
2018,E40000010,4,27,27,100168
2018,E40000010,4,32,32,92583
2018,E40000010,4,4,4,86532
2018,E40000010,4,40,40,78596
2018,E40000010,4,44,44,83430
2018,E40000010,4,51,51,98969
2018,E40000010,4,53,53,100236
2018,E40000010,4,76,76,49677
2018,E40000010,4,79,79,43778
2018,E40000010,4,8,8,86745
2018,E40000010,4,82,82,35641
